"NumberOfHashTag"	"0.11552337575336613"
"cost"	"0.061500277118472835"
"ric"	"0.048256834416256056"
"atlantic_ocean"	"0.04112563992854046"
"caribbean_se"	"0.040014194532306036"
"NumberOfNouns"	"0.039990319494695004"
"costa_ric"	"0.0395057032243068"
"central_american_countr"	"0.03827237859559329"
"panam"	"0.03785822588982213"
"collaps"	"0.03537545900765071"
"terremot"	"0.03355083436956485"
"TweetLength"	"0.032673033865946"
"7"	"0.029209293483148047"
"#earthquak"	"0.026769970851212688"
"fir"	"0.026123646145065682"
"structural_integrity_and_failur"	"0.025805778578866345"
"coast"	"0.02561731442077453"
"build"	"0.025222555688471426"
"financial_condit"	"0.024084507098308783"
"wealth"	"0.024084507098308783"
"#redoctober"	"0.023710594996496193"
"NumberOfWords"	"0.023633023292033206"
"inform"	"0.023618914571886473"
"event_"	"0.02327125652915052"
"shor"	"0.022916270727915022"
"anatomical_structur"	"0.02092236909738865"
"phenomenon"	"0.02087042634970837"
"natural_disaster"	"0.020407090477904566"
"NumberOfVerbs"	"0.020310340312783337"
"failur"	"0.019512392315682803"
"econom"	"0.01907115316772845"
"percept"	"0.018974936091818106"
"philosoph"	"0.018685219509674944"
"economic_system"	"0.018226201772913675"
"flood"	"0.018219193692040836"
"geological_phenomenon"	"0.017794507067123932"
"water"	"0.01727845584621346"
"tsunami_warning_system"	"0.017222824516083923"
"countr"	"0.01676537659329491"
"capit"	"0.016555318994386004"
"nat"	"0.016073080163768738"
"tol"	"0.016026091567411194"
"rt"	"0.015351781079958271"
"factor"	"0.014430186244247967"
"#bangladesh"	"0.01438702774093048"
"industrial_pl"	"0.014022153935596582"
"industrial_architectur"	"0.013925822963759993"
"hydrolog"	"0.01386885597446097"
"#colorad"	"0.013772637314900305"
"rain"	"0.013113647883112978"
"hit"	"0.012827978921605254"
"fe"	"0.012589302285930803"
"conflagr"	"0.012537354167382442"
"australian_st"	"0.012515178667651061"
"disaster"	"0.012468679706520103"
"river"	"0.012179784503669522"
"victim"	"0.011908561647813065"
"wildfir"	"0.011033272259029947"
"warn"	"0.010981119120556881"
"death_tol"	"0.010509711446909598"
"hap"	"0.010453437080148342"
"landform"	"0.010157205654290014"
"tsunam"	"0.00964560402531367"
"wav"	"0.009431951003314953"
"en"	"0.009327208989387992"
"typhoon"	"0.009324513632745113"
"propers"	"0.00880642375456353"
"9"	"0.008801595951472452"
"quak"	"0.008720820811238372"
"cyclon"	"0.008710632439440369"
"strong"	"0.008604164556723082"
"hurrican"	"0.00829684359945504"
"chang"	"0.008282375271224107"
"bus"	"0.008199547498451976"
"sism"	"0.008119576860548205"
"affect"	"0.008077829757969446"
"sand"	"0.008010091701695643"
"minor_planet"	"0.007906218419615918"
"estraterrestrial_bod"	"0.007845910307973658"
"mov"	"0.007831550921669761"
"death"	"0.007785507932140834"
"new_south_wal"	"0.007764446067450526"
"energ"	"0.007752218581901227"
"earthquak"	"0.00743250539558149"
"guatemal"	"0.007418452018271848"
"geolog"	"0.007417251361539812"
"#pabl"	"0.007415062504299352"
"tra"	"0.007410279050716673"
"time_zon"	"0.007276000704286467"
"cover"	"0.007221268243059464"
"rus"	"0.007209828365207782"
"meteor"	"0.007207147677905312"
"settl"	"0.007197705263637166"
"impel"	"0.007171686797031618"
"geograph"	"0.007125831380319858"
"unfortun"	"0.007109904515243626"
"alers"	"0.0070356071604407155"
"astronom"	"0.007011496158638275"
"geophys"	"0.0069857669111491605"
"2010_haiti_earthquak"	"0.0069857669111491605"
"oscil"	"0.006971199687981211"
"combust"	"0.006828157453788175"
"#nswfir"	"0.0068149074608127025"
"southern_pacific_transportation_compan"	"0.006783466414246431"
"californ"	"0.006783466414246431"
"pennsylvania_railroad"	"0.006783466414246431"
"_rock_island_and_pacific_railroad"	"0.006783466414246431"
"evacu"	"0.006734894652438039"
"queensland"	"0.006714996801916562"
"cre"	"0.006628899865495419"
"oxid"	"0.006606633604607337"
"greenwich_mean_tim"	"0.006478772352566664"
"los_angel"	"0.006404533790524192"
"process_"	"0.006224368008916459"
"gmt"	"0.006187878669923652"
"mater"	"0.006186095868114916"
"dead"	"0.006181972739118802"
"biolog"	"0.006128420810992075"
"comput"	"0.006114670794652222"
"injur"	"0.006074439620868621"
"laugh"	"0.006008565074585137"
"fuers"	"0.005924952171866282"
"strik"	"0.005845369675736567"
"cris"	"0.0057553909561975924"
"chicag"	"0.005754157991871511"
"september"	"0.005645372842504104"
"glasgow"	"0.005545045280129002"
"time_standard"	"0.005527083779730546"
"forc"	"0.005439151577809165"
"#russianmeteor"	"0.005373335770526011"
"composit"	"0.005281491187467013"
"2012"	"0.005223281237983546"
"NumberOfPronouns"	"0.005118803684024731"
"social_group"	"0.005103369985496098"
"grado"	"0.005081705206380294"
"austral"	"0.005051757632773213"
"typhoon_boph"	"0.004964348758977"
"ris"	"0.004964348758977"
"mathemat"	"0.004927181349311804"
"qld"	"0.004914521287747942"
"afghanistan"	"0.004826630805493837"
"#méxic"	"0.004826630805493837"
"000"	"0.004805957275565764"
"【#usg"	"0.004754748132696163"
"diplom"	"0.004751769647363235"
"upd"	"0.004737242937173591"
"inf"	"0.0045881696720075915"
"risk"	"0.0045831743523341295"
"#prayfromjapan"	"0.004576893058394704"
"collapse:"	"0.004574014393439851"
"misfortun"	"0.004481728327201062"
"faith"	"0.004464727399527857"
"#地震"	"0.0044541556970998375"
"higher_cognitive_proces"	"0.004430669115028429"
"#jishin"	"0.004399375230295877"
"emerg"	"0.004386197089245036"
"de"	"0.004374881992149859"
"terminolog"	"0.004343285765126326"
"prayer"	"0.004318498224885503"
"atmospheric_phenomenon"	"0.004303233416545482"
"princ"	"0.004267993201425124"
"metropol"	"0.00422840169339711"
"hous"	"0.004222155728852095"
"ap_"	"0.004219535292622645"
"thos"	"0.004121580112572465"
"secular_st"	"0.004121580112572465"
"0"	"0.004114187204985242"
"textile_industr"	"0.0041095214375691524"
"richter"	"0.0041095214375691524"
"rescuer"	"0.004082423794993906"
"alter"	"0.0040586021179083165"
"weather"	"0.004055449412574519"
"int"	"0.00404297190529157"
"#guatemal"	"0.00403324302182162"
"destro"	"0.004032645713211491"
"aid"	"0.0040325112095752624"
"materi"	"0.004028740892391247"
"textile_mil"	"0.003940155303152393"
"#sism"	"0.00391002944699681"
"thought"	"0.0038987174826811133"
"broadcast"	"0.0038960507311077697"
"islamic_republ"	"0.0038690539623267295"
"lov"	"0.0038612270958368056"
"rechtsstaat"	"0.00380387331949128"
"chin"	"0.0037740756086134253"
"peopl"	"0.00376745538702139"
"#highparkfir"	"0.0037291536452379592"
"#banglaspr"	"0.003709805613065442"
"#bestrapper"	"0.003709805613065442"
"pra"	"0.003690957606863332"
"news_ag"	"0.0036331973157243125"
"matter"	"0.003629218722764893"
"pub"	"0.003603279685868155"
"#philip"	"0.003585332682484954"
"behavior"	"0.003564722030640066"
"united_kingdom"	"0.003557491632440346"
"gift"	"0.003542269749741367"
"hah"	"0.003517618492932195"
"volunteer"	"0.0035153379673088514"
"gam"	"0.003514849419704702"
"hurt"	"0.0035039116189641284"
"month"	"0.0034504864114219824"
"hundreds_"	"0.003437618881014015"
"hundred"	"0.003437618881014015"
"sacrific"	"0.0034358496464834687"
"dam"	"0.0034235534965219028"
"hom"	"0.0033929984285374637"
"touch"	"0.003388227913354247"
"#alert】"	"0.0033426262781041105"
"nsw"	"0.003277248173107261"
"drinking_establishm"	"0.003247255575780983"
"ha"	"0.0032432674087420343"
"landlocked_countr"	"0.003195639213410817"
"devast"	"0.003166086420312131"
"sacud"	"0.003166086420312131"
"cros"	"0.003166086420312131"
"human_sexu"	"0.003152067286907201"
"#saiga"	"0.003152067286907201"
"#job"	"0.003152067286907201"
"2013_glasgow_helicopter_crash"	"0.0031503841875034633"
"involut"	"0.0031503841875034633"
"aerosol"	"0.003116468343830947"
"port"	"0.0031157681525497694"
"caribbean"	"0.003110523323918035"
"ordinalskal"	"0.0031032371773270784"
"update:"	"0.0031032371773270784"
"cities_of_japan"	"0.0031032371773270784"
"intervallskal"	"0.0031032371773270784"
"richter_scal"	"0.0031032371773270784"
"lol"	"0.0031008433319781314"
"accolad"	"0.003098060309367212"
"reuter"	"0.0030177098204400288"
"ou_nederlandse_maandnam"	"0.003017351643045285"
"laborer"	"0.003014472567177351"
"el_salvador"	"0.003001945272773865"
"consumer_good"	"0.0029823226565274252"
"garm"	"0.002978863109612595"
"#initialsofsomeonespec"	"0.002966254217610098"
"red_cros"	"0.002964670418495352"
"pleas"	"0.002940450468648881"
"islam"	"0.0029403456643783965"
"laughter"	"0.0029403456643783965"
"celestial_ev"	"0.0029381638877822303"
"savar"	"0.0029381638877822303"
"gregorian_calendar_month"	"0.0029335985298186706"
"chemical_subst"	"0.0029171786655622922"
"3"	"0.002881634051356441"
"abod"	"0.002878636589501826"
"magnitud"	"0.0028615578199302494"
"land"	"0.0028541845555448697"
"rica:"	"0.002819152218002441"
"#shahbag"	"0.0028041421590445648"
"california:"	"0.002780490955024084"
"400"	"0.0027790064192558805"
"blu"	"0.0027790064192558805"
"destroy"	"0.0027790064192558805"
"rav"	"0.002773996451680527"
"temblor"	"0.002773996451680527"
"bear_on"	"0.002762123485999135"
"don"	"0.0027501997653028853"
"polic"	"0.0027376450195749635"
"binary_compound"	"0.002722715635426476"
"recre"	"0.002720738692345792"
"demonstr"	"0.00271678977783274"
"graduated_t"	"0.002714406998473362"
"tim"	"0.002687342014793037"
"expressão_idiomátic"	"0.002659902420977911"
"remain"	"0.002657418971611536"
"#filipin"	"0.0026484681596263826"
"mind_gam"	"0.0026484681596263826"
"the_game_"	"0.0026484681596263826"
"#waldocanyonfir"	"0.0026466850612036907"
"member_state_of_the_union_of_south_american_n"	"0.0026108078407045543"
"statutory_author"	"0.0026108078407045543"
"tavern"	"0.0026108078407045543"
"danger"	"0.0025996541533195305"
"group_11_el"	"0.002594777471387588"
"region:"	"0.002594777471387588"
"floods:"	"0.002593392162052899"
"500"	"0.002593392162052899"
"trap"	"0.002593392162052899"
"sever"	"0.002593392162052899"
"@nswrfs:"	"0.002593392162052899"
"fil"	"0.0025892786390387945"
"earth"	"0.0025846781772884686"
"commun"	"0.002579936355579071"
"#temblorcr"	"0.002539616299300329"
"delug"	"0.002513083036845387"
"rescu"	"0.002513083036845387"
"ar"	"0.0025097659460813215"
"god"	"0.0025052698475945823"
"report"	"0.0024801729175060183"
"everyon"	"0.0024789474851991677"
"#savebangladesh"	"0.002476654556384572"
"bushfires_in_austral"	"0.0024749708322189257"
"ingredi"	"0.002458518016072775"
"enlisted_person"	"0.002450563999068067"
"express_emot"	"0.002450563999068067"
"new_south_wales_rural_fire_servic"	"0.002448680790059554"
"industr"	"0.00243434995720071"
"mor"	"0.0024159645661161466"
"il"	"0.0024159645661161466"
"#worldser"	"0.002409113738962354"
"推定"	"0.002409113738962354"
"#bushfir"	"0.0024078276191710213"
"http:/"	"0.0024078276191710213"
"cluth"	"0.0024078276191710213"
"según"	"0.0024078276191710213"
"#helicopter"	"0.002372434843352589"
"#costaric"	"0.00236759512681739"
"por"	"0.0023442006765630463"
"wak"	"0.0023432784383921046"
"amount"	"0.0023365341598114986"
"wound"	"0.0023365341598114986"
"mad"	"0.002333747730235536"
"qualif"	"0.002329955092140401"
"quant"	"0.002326384439719109"
"approach"	"0.0023040877383708747"
"alluvion"	"0.0023040877383708747"
"haiyan"	"0.0023040877383708747"
"indones"	"0.0022710821622041744"
"—"	"0.0022689983965572535"
"human"	"0.0022676504896202987"
"-"	"0.0022633513577037245"
"found"	"0.0022572394954136765"
"explos"	"0.0022359266591170934"
"sta"	"0.0022287134864403813"
"ap"	"0.0022287134864403813"
"vide"	"0.002225547905561065"
"transgres"	"0.002223499730031331"
"voluntary_act"	"0.002223499730031331"
"#cardinaln"	"0.002223499730031331"
"anti-social_behaviour"	"0.002223499730031331"
"[詳細]"	"0.002223499730031331"
"■■緊急地震速報"	"0.002223499730031331"
"■■"	"0.002223499730031331"
"@zishin3255:"	"0.002223499730031331"
"@tobeymonster"	"0.002222312762926615"
"region_of_the_philip"	"0.002222312762926615"
"@breakingnews:"	"0.002222312762926615"
"structur"	"0.002219006205699814"
"academic_degre"	"0.002218276736405511"
"#quak"	"0.002208901405555297"
"saf"	"0.0022051362270846253"
"ec"	"0.0022051362270846253"
"law_enforcement_ag"	"0.002191622866869025"
"worship"	"0.002184070767907609"
"chemical_compound"	"0.002152716763992424"
"civil_servic"	"0.002152716763992424"
"power"	"0.0021487687260464128"
"#earthquake:"	"0.0021356129092983123"
"follower"	"0.0021356129092983123"
"countries_of_the_united_kingdom"	"0.002134127822677967"
"legal_term"	"0.002134127822677967"
"grad"	"0.002134127822677967"
"sedim"	"0.002134127822677967"
"sacudió"	"0.002134127822677967"
"recov"	"0.0021234400916698704"
"clos"	"0.0021167168076539067"
"athles"	"0.0020992580677733352"
"spectral_color"	"0.0020966699793153465"
"episcop"	"0.0020909556206668567"
"bel"	"0.0020830770066629922"
"shak"	"0.0020664527230549457"
"pla"	"0.002055598323852048"
"art"	"0.002055598323852048"
"fal"	"0.0020528069826954987"
"caus"	"0.0020528069826954987"
"#temblor♨"	"0.0020379354169068886"
"@earthquake_jp:"	"0.0020379354169068886"
"pakistan"	"0.0020379354169068886"
"islands_reg"	"0.0020379354169068886"
"region_of_papua_new_guine"	"0.0020379354169068886"
"#cardin"	"0.0020379354169068886"
"ko"	"0.0020379354169068886"
"mb"	"0.0020379354169068886"
"2013_savar_building_collaps"	"0.002036847565655142"
"rican"	"0.002036847565655142"
"recoverer"	"0.002036847565655142"
"unmak"	"0.002036847565655142"
"worst"	"0.002036847565655142"
"_2002"	"0.002036847565655142"
"regulation_of_interception_of_communications_and_provision_of_communication-related_information_act"	"0.002036847565655142"
"modif"	"0.0020331139981094593"
"vi"	"0.002028025362117658"
"support"	"0.0019983906119034334"
"pacific_ocean"	"0.001979521148249952"
"daño"	"0.0019696843787475604"
"bbc"	"0.0019696843787475604"
"hahah"	"0.001966586256136771"
"virgin"	"0.001966586256136771"
"connect"	"0.001965200432863079"
"news:"	"0.001965200432863079"
"police_avi"	"0.001965200432863079"
"yacht_club"	"0.001965200432863079"
"defender"	"0.0019582009150278523"
"distribut"	"0.0019507349239090699"
"@"	"0.001946859321396932"
"job"	"0.001946859321396932"
"continu"	"0.001944572847978665"
"stream"	"0.001940817617713364"
"firefighter"	"0.0019382818574056326"
"natural_langu"	"0.0019352812389475949"
"condit"	"0.001932449448162732"
"acros"	"0.0018837969101408447"
"sci"	"0.0018833983482067218"
"mak"	"0.0018724870422481832"
"mental_proces"	"0.0018724870422481832"
"burn"	"0.0018585252466918334"
"group"	"0.0018569492319403524"
"deprem"	"0.0018524207719164965"
"war_crim"	"0.0018524207719164965"
"#deprem"	"0.0018524207719164965"
"#12in13"	"0.0018524207719164965"
"bever"	"0.0018524207719164965"
"playoff"	"0.0018524207719164965"
"world_ser"	"0.0018524207719164965"
"@cardin"	"0.0018524207719164965"
"réplic"	"0.0018514319997151585"
"explosión"	"0.0018514319997151585"
"scotland"	"0.0018514319997151585"
"bles"	"0.0018514319997151585"
"greek_cros"	"0.0018514319997151585"
"@nswrf"	"0.0018514319997151585"
"hub"	"0.0018514319997151585"
"@ap"	"0.0018514319997151585"
"area_unit"	"0.0018514319997151585"
"british_imperial_system"	"0.0018514319997151585"
"assist"	"0.001848978328009121"
"girl"	"0.0018391572629270492"
"chemister"	"0.0018305151305869627"
"par"	"0.0018223746401687668"
"technolog"	"0.0018223746401687668"
"confirm"	"0.0018144287416649307"
"pabl"	"0.0018144287416649307"
"resourc"	"0.0018144287416649307"
"tournam"	"0.001814386085648545"
"constituent_countr"	"0.0018129004477684951"
"central_american"	"0.0018129004477684951"
"empt"	"0.0018129004477684951"
"describ"	"0.0018098936651766984"
"clutha_"	"0.0018098936651766984"
"aec_regent_iii_rt"	"0.0018080546210355042"
"leav"	"0.0018080546210355042"
"inexperienced_person"	"0.0017987234480481007"
"gold"	"0.0017987234480481007"
"casualt"	"0.001797436851207812"
"rubbl"	"0.001797436851207812"
"sardegn"	"0.001797436851207812"
"6"	"0.0017961283592230481"
"profes"	"0.0017856220297167713"
"emot"	"0.0017635926140546765"
"#pabloph"	"0.0017570291892663459"
"sydne"	"0.0017421596521832727"
"shahbag"	"0.0017378572755033517"
"survivor"	"0.0017362717117006543"
"statutory_corpor"	"0.0017362717117006543"
"#nswrf"	"0.0017362717117006543"
"100"	"0.0017362717117006543"
"produc"	"0.0017283449258386208"
"concept"	"0.0017222234398438507"
"labour"	"0.0017205943196989537"
"island"	"0.001705114717148959"
"alask"	"0.0017008611817270758"
"entertainm"	"0.001698826226788852"
"workplace_conflict"	"0.0016971406255473775"
"job_act"	"0.0016971406255473775"
"resident"	"0.0016971406255473775"
"boph"	"0.0016971406255473775"
"shower"	"0.0016971406255473775"
"international_organ"	"0.0016844910019740977"
"utc"	"0.0016818764605324166"
"relief"	"0.0016800907101496287"
"fu"	"0.0016800907101496287"
"kind"	"0.0016792366434397188"
"#lca2013"	"0.001666955767424927"
"baseball_team"	"0.001666955767424927"
"#siegedhak"	"0.001666955767424927"
"united_states_armed_forc"	"0.001666955767424927"
"_massachuses"	"0.001666955767424927"
"magnitude  mb"	"0.001666955767424927"
"massacr"	"0.001666955767424927"
"6-magnitud"	"0.0016660660374908653"
"@ap:"	"0.0016660660374908653"
"haiyan:"	"0.0016660660374908653"
"canton_of_costa_ric"	"0.0016660660374908653"
"allevi"	"0.0016660660374908653"
"300"	"0.0016660660374908653"
"hydrographic_and_oceanographic_service_of_the_chilean_nav"	"0.0016660660374908653"
"vowel_break"	"0.0016660660374908653"
"ural"	"0.0016660660374908653"
"magnitude-7"	"0.0016660660374908653"
"@stcom:"	"0.0016660660374908653"
"backwash"	"0.0016660660374908653"
"floods_in_austral"	"0.0016660660374908653"
"flood_warn"	"0.0016660660374908653"
"evacue"	"0.0016660660374908653"
"#cebu"	"0.0016592073423553622"
"alluv"	"0.0016578210047661912"
"meteor_shower"	"0.0016578210047661912"
"definite_integr"	"0.0016518111736805174"
"request_tracker"	"0.0016469913171184292"
"|"	"0.0016469913171184292"
"member_state_of_the_united_n"	"0.0016342296903057996"
"tradit"	"0.00163218399246301"
"muslim"	"0.00163218399246301"
"rib"	"0.001630996585166189"
"thre"	"0.001630996585166189"
"roof"	"0.001630996585166189"
"imag"	"0.0016298313099345485"
"analog_sign"	"0.0016277252259033759"
"slavic_langu"	"0.001627258416985522"
"displac"	"0.0016007692245143534"
"competit"	"0.0015921998143028082"
"practic"	"0.0015921998143028082"
"qu"	"0.0015911719501637833"
"valle"	"0.001590713624755269"
"http://t"	"0.001589967550975957"
"stil"	"0.0015696321000225888"
"5"	"0.0015663708616577843"
"cardin"	"0.0015630607668435381"
"thermodynam"	"0.0015611740535105278"
"muerto"	"0.0015589938184255026"
"great_power"	"0.001549989715669664"
"transcontinental_countr"	"0.001549989715669664"
"identif"	"0.001549989715669664"
"cinema_of_the_united_st"	"0.0015478758109258584"
"sequ"	"0.0015466886888538811"
"ges"	"0.001532181774915875"
"liquid"	"0.0015280989584475213"
"mot"	"0.0015198514106044003"
"loc"	"0.0015164201036462766"
"primary_color"	"0.001510497820881751"
"physical_quant"	"0.0015068820636934266"
"whit"	"0.0015059345425091353"
"monothe"	"0.0015059345425091353"
"breaking:"	"0.0015046474682666178"
"tourist_attract"	"0.0014895893456292608"
"#boulderflood"	"0.0014885602532688225"
"encounter"	"0.001487196773286792"
"#pakistan"	"0.0014815403758063894"
"@td_deportes:"	"0.0014815403758063894"
"#lov"	"0.0014815403758063894"
"#breaking】"	"0.0014815403758063894"
"go=&gt"	"0.0014815403758063894"
"pearl_jam_album"	"0.0014815403758063894"
"naman"	"0.0014815403758063894"
"alaska:"	"0.0014815403758063894"
"最大震度"	"0.0014815403758063894"
"bachelor"	"0.0014815403758063894"
"decision_mak"	"0.0014815403758063894"
"#mus"	"0.0014815403758063894"
"深さ10km"	"0.0014815403758063894"
"building_mater"	"0.0014815403758063894"
"xd"	"0.0014815403758063894"
"billionair"	"0.0014815403758063894"
"#nsw"	"0.0014807496513933316"
"carib"	"0.0014807496513933316"
"forest_fir"	"0.0014807496513933316"
"fire:"	"0.0014807496513933316"
"meteorite_fal"	"0.0014807496513933316"
"wash"	"0.0014807496513933316"
"avail"	"0.0014807496513933316"
"newsfeed"	"0.0014807496513933316"
"perú"	"0.0014807496513933316"
"condol"	"0.0014807496513933316"
"conjur"	"0.0014807496513933316"
"change_integr"	"0.0014807496513933316"
"bno_new"	"0.0014807496513933316"
"central_rus"	"0.0014807496513933316"
"evacuee"	"0.0014807496513933316"
"immedi"	"0.0014807496513933316"
"near-earth_aster"	"0.0014737640056317058"
"chelyabinsk_meteor"	"0.0014737640056317058"
"san_francisco_bay_are"	"0.0014671643443087135"
"black"	"0.0014671643443087135"
"paul_the_apostl"	"0.0014671643443087135"
"omg"	"0.0014671643443087135"
"megaregions_of_the_united_st"	"0.0014671643443087135"
"southern_californ"	"0.0014671643443087135"
"noble_metal"	"0.0014671643443087135"
"#pasthour"	"0.0014671643443087135"
"#cd"	"0.0014671643443087135"
"card"	"0.0014671643443087135"
"central_californ"	"0.0014671643443087135"
"destruc"	"0.0014660760897005076"
"pacífic"	"0.0014660760897005076"
"costa_rican"	"0.001447325781952724"
"spring"	"0.0014447669439153765"
"electronic_med"	"0.0014385096779947482"
"hop"	"0.0014308169788525005"
"object"	"0.0014280943943426605"
"bar"	"0.0014249038067978281"
"thing"	"0.001424609441214919"
"categor"	"0.001424609441214919"
"harm"	"0.0014231226995883306"
"plumbing_fixtur"	"0.0014231226995883306"
"stock_character"	"0.0014099305865293843"
"actu"	"0.0014070675106061525"
"south_american_countr"	"0.001401052580969231"
"cloth"	"0.0013863576489250296"
"con"	"0.001384061281667348"
"social_st"	"0.0013787328799097498"
"phys"	"0.0013749945771284189"
"heavenly_bod"	"0.0013739370478226265"
"spiritual_be"	"0.0013739370478226265"
"measure_"	"0.0013664823432383288"
"cit"	"0.001362971028772364"
"hypothes"	"0.001357952173317134"
"afric"	"0.0013548083438450487"
"wrong"	"0.0013548083438450487"
"middle_school"	"0.0013536204960358234"
"wors"	"0.0013536204960358234"
"crash"	"0.001353460252915717"
"swed"	"0.0013457300114324555"
"compan"	"0.001339235245525372"
"city_with_millions_of_inhabit"	"0.0013372495825607622"
"reflec"	"0.001323070018554029"
"bangladesh"	"0.0013090712940208027"
"dat"	"0.0013076330538176473"
"bush"	"0.0013063455018175185"
"independent_ag"	"0.0013063455018175185"
"usg"	"0.0013063455018175185"
"misadventur"	"0.0013063455018175185"
"#allertameteosar"	"0.0013063455018175185"
"bequest"	"0.0013039102839839112"
"terror"	"0.0013039102839839112"
"fun"	"0.0013038571519101705"
"reportan"	"0.0013029211452266765"
"abov"	"0.0013029211452266765"
"http:"	"0.0013029211452266765"
"compens"	"0.0013029211452266765"
"plane_figur"	"0.0013029211452266765"
"#hondur"	"0.0012961745694702875"
"package_management_system"	"0.0012961745694702875"
"package_"	"0.0012961745694702875"
"argentin"	"0.0012961745694702875"
"_alask"	"0.0012961745694702875"
"troop"	"0.0012961745694702875"
"flower"	"0.0012961745694702875"
"birthda"	"0.0012961745694702875"
"united_states_arm"	"0.0012961745694702875"
"#revolut"	"0.0012961745694702875"
"ak"	"0.0012961745694702875"
"震源地"	"0.0012961745694702875"
"#syr"	"0.0012961745694702875"
"aggres"	"0.0012961745694702875"
"#anonym"	"0.0012961745694702875"
"#fam"	"0.0012961745694702875"
"royal_and_noble_rank"	"0.0012961745694702875"
"zambezi_reg"	"0.0012961745694702875"
"violent_crim"	"0.0012961745694702875"
"norte_reg"	"0.0012961745694702875"
"indepens"	"0.0012961745694702875"
"southeast_alask"	"0.0012961745694702875"
"#hasin"	"0.0012961745694702875"
"mixtap"	"0.0012961745694702875"
"northern_californ"	"0.0012961745694702875"
"#myanmar"	"0.0012961745694702875"
"flash_flood"	"0.0012954828138552754"
"metro_manil"	"0.0012954828138552754"
"magnetic_dip"	"0.0012954828138552754"
"inund"	"0.0012954828138552754"
"state_of_matter"	"0.0012954828138552754"
"waldo_canyon_fir"	"0.0012954828138552754"
"escap"	"0.0012954828138552754"
"@nswfire:"	"0.0012954828138552754"
"chilean"	"0.0012954828138552754"
"@7newsbrisbane:"	"0.0012954828138552754"
"fox_news_channel"	"0.0012954828138552754"
"víctim"	"0.0012954828138552754"
"39"	"0.0012954828138552754"
"multipl"	"0.0012954828138552754"
"chilen"	"0.0012954828138552754"
"@newearthquake:"	"0.0012954828138552754"
"confront"	"0.0012954828138552754"
"@reuters:"	"0.0012954828138552754"
"rins"	"0.0012954828138552754"
"pagas"	"0.0012954828138552754"
"benefact"	"0.0012954828138552754"
"singer"	"0.0012920243861965774"
"ufficio_"	"0.0012905370920792691"
"dirit"	"0.0012905370920792691"
"famil"	"0.0012905370920792691"
"particulate_matter"	"0.00128974651713476"
"complejo_refinador_de_amua"	"0.00128974651713476"
"surnam"	"0.0012674277042963311"
"road"	"0.0012674277042963311"
"archipelag"	"0.0012654592202957504"
"haz"	"0.0012636708100515204"
"highwa"	"0.0012636708100515204"
"day"	"0.0012482366042860793"
"upazil"	"0.0012327775313524247"
"cities_of_the_philip"	"0.0012327775313524247"
"savar_upazil"	"0.0012327775313524247"
"direct"	"0.0012288247165932464"
"break"	"0.001227735352100745"
"bishop"	"0.0012068298159249036"
"cultur"	"0.0012061195638076727"
"#mexic"	"0.0012061195638076727"
"#falcon"	"0.0012061195638076727"
"national_capit"	"0.00120611282105898"
"remov"	"0.0012052418930761366"
"#new"	"0.0012052418930761366"
"unit_of_pressur"	"0.001205030905542026"
"pressure_unit"	"0.001205030905542026"
"richter_"	"0.001205030905542026"
"sad"	"0.0011915421240440427"
"dominion"	"0.0011736406738853677"
"inst"	"0.001170368498969454"
"celebr"	"0.0011692407266620242"
"govt"	"0.0011692407266620242"
"depth:"	"0.0011692407266620242"
"ideolog"	"0.0011672241369232728"
"sociolog"	"0.0011672241369232728"
"center"	"0.0011658362540869494"
"smok"	"0.0011658362540869494"
"threat"	"0.0011658362540869494"
"particl"	"0.001160406758310084"
"rac"	"0.001160406758310084"
"migr"	"0.0011591187281970727"
"mort"	"0.0011591187281970727"
"video:"	"0.0011591187281970727"
"state_highwa"	"0.0011585924853452223"
"amua"	"0.0011553476101571203"
"el"	"0.0011499082928080329"
"issue_tracking_system"	"0.0011476982268453506"
"mund"	"0.0011427349604883341"
"acquisit"	"0.0011427349604883341"
"sleep"	"0.0011427349604883341"
"compes"	"0.0011427349604883341"
"body_of_chr"	"0.0011427349604883341"
"soldi"	"0.0011427349604883341"
"protester"	"0.0011427349604883341"
"partid"	"0.0011427349604883341"
"sinit"	"0.0011427349604883341"
"cities_and_metropolitan_areas_of_the_united_st"	"0.0011427349604883341"
"pounds_per_square_inch"	"0.001141844900781508"
"bundaberg"	"0.001141844900781508"
"wreck"	"0.001141844900781508"
"aw"	"0.001141844900781508"
"commonwealth_realm"	"0.0011364492511193314"
"servic"	"0.0011335594867152299"
"residential_build"	"0.0011126650492084833"
"…"	"0.0011126650492084833"
"divis"	"0.001112591317097511"
"perish"	"0.001112591317097511"
"air"	"0.001112591317097511"
"_louis_cardin"	"0.0011108583208431222"
"@byers_brian:"	"0.0011108583208431222"
"magn"	"0.0011108583208431222"
"aircraft_hijack"	"0.0011108583208431222"
"::"	"0.0011108583208431222"
"coutur"	"0.0011108583208431222"
"world_wide_web"	"0.0011108583208431222"
"#sk"	"0.0011108583208431222"
"click"	"0.0011108583208431222"
"entertain"	"0.0011108583208431222"
"#blacknight"	"0.0011108583208431222"
"basebal"	"0.0011108583208431222"
"genoc"	"0.0011108583208431222"
"#stlcard"	"0.0011108583208431222"
"september_11"	"0.0011108583208431222"
"tifón"	"0.0011108583208431222"
"terrorist_attack"	"0.0011108583208431222"
"fb"	"0.0011108583208431222"
"#denver"	"0.0011108583208431222"
"service_on_internet"	"0.0011108583208431222"
"workm"	"0.0011108583208431222"
"#災害"	"0.0011108583208431222"
"s_compens"	"0.0011108583208431222"
"persian_peopl"	"0.0011108583208431222"
"independenc"	"0.0011108583208431222"
"wag"	"0.0011108583208431222"
"#ind"	"0.0011108583208431222"
"第1報"	"0.0011108583208431222"
"libr"	"0.0011108583208431222"
"【"	"0.0011108583208431222"
"winner"	"0.0011108583208431222"
"#islam"	"0.0011108583208431222"
"penalt"	"0.0011108583208431222"
"suicide_bomb"	"0.0011108583208431222"
"最終報"	"0.0011108583208431222"
"suicide_bomber"	"0.0011108583208431222"
"pin_down"	"0.0011102654973303983"
"alert:"	"0.0011102654973303983"
"fram"	"0.0011102654973303983"
"trigger"	"0.0011102654973303983"
"acr"	"0.0011102654973303983"
"hermano"	"0.0011102654973303983"
"prevent"	"0.0011102654973303983"
"@612brisban"	"0.0011102654973303983"
"national_"	"0.0011102654973303983"
"marco"	"0.0011102654973303983"
"@lifestr3am"	"0.0011102654973303983"
"fetoprotein"	"0.0011102654973303983"
"eastern_states_of_austral"	"0.0011102654973303983"
"co/"	"0.0011102654973303983"
"basic_train"	"0.0011102654973303983"
"afp"	"0.0011102654973303983"
"forest"	"0.0011102654973303983"
"advertenc"	"0.0011102654973303983"
"guatemala:"	"0.0011102654973303983"
"streak"	"0.0011102654973303983"
"squeez"	"0.0011102654973303983"
"arrang"	"0.0011102654973303983"
"create_by_mental_act"	"0.0011102654973303983"
"#centroaméric"	"0.0011102654973303983"
"rainfal"	"0.0011102654973303983"
"irish_se"	"0.0011102654973303983"
"lev"	"0.0011102654973303983"
"uno"	"0.0011102654973303983"
"@abscbnnews:"	"0.0011102654973303983"
"800"	"0.0011102654973303983"
"últim"	"0.0011102654973303983"
"october_2007_california_wildfir"	"0.0011102654973303983"
"blue_mountains_"	"0.0011102654973303983"
"appris"	"0.0011102654973303983"
"build_in"	"0.0011102654973303983"
"local_area_network"	"0.0011102654973303983"
"performer"	"0.0011102654973303983"
"@qpsmedia:"	"0.0011102654973303983"
"breaking_"	"0.0011102654973303983"
"32"	"0.0011102654973303983"
"colpit"	"0.0011102654973303983"
"coordinated_universal_tim"	"0.0010933484287296569"
"civil_serv"	"0.0010918600284003377"
"solis"	"0.0010885377994506173"
"flow"	"0.0010885377994506173"
"volum"	"0.001070401346183969"
"work_of_art"	"0.0010656721162876082"
"physical_phenomenon"	"0.0010651795933120933"
"al"	"0.0010633017026110414"
"apostl"	"0.0010602241924936306"
"authoritarian"	"0.0010602241924936306"
"political_ideolog"	"0.0010602241924936306"
"#dhak"	"0.0010602241924936306"
"mission"	"0.0010602241924936306"
"1"	"0.001059646006457693"
"crew"	"0.0010592346869144897"
"nas"	"0.0010592346869144897"
"health"	"0.0010592346869144897"
"2013_colorado_flood"	"0.0010592346869144897"
"system"	"0.0010524007328561735"
"refin"	"0.0010508723814928178"
"wind"	"0.0010418342748724774"
"humour"	"0.001033868381313141"
"bird"	"0.001033868381313141"
"nicaragu"	"0.0010327793190910706"
"debr"	"0.0010327793190910706"
"high"	"0.0010327793190910706"
"garbage_"	"0.0010327793190910706"
"go_on"	"0.0010315345362383876"
"_new_south_wal"	"0.0010315345362383876"
"danc"	"0.0010289008326217486"
"desir"	"0.0010289008326217486"
"ocean"	"0.0010289008326217486"
"geographical_featur"	"0.001020030069789124"
"#tsunam"	"0.0010190552780916518"
"discharg"	"0.001018966004686761"
"outcom"	"0.0010149815268089002"
"god_"	"0.0010149815268089002"
"male_d"	"0.0010149815268089002"
"4"	"0.0010138926824180272"
"rock"	"0.0010114180264213513"
"kil"	"0.0010093065568061999"
"film"	"9.946938274364436E-4"
"neolog"	"9.840460304358922E-4"
"syr"	"9.840460304358922E-4"
"anybod"	"9.840460304358922E-4"
"til"	"9.840460304358922E-4"
"revolut"	"9.840460304358922E-4"
"dislik"	"9.840460304358922E-4"
"come_about"	"9.832719810157764E-4"
"dynast"	"9.832550129963424E-4"
"200"	"9.832550129963424E-4"
"profit"	"9.832550129963424E-4"
"trag"	"9.832550129963424E-4"
"scos"	"9.832550129963424E-4"
"guanacast"	"9.832550129963424E-4"
"chain_stor"	"9.832550129963424E-4"
"#temblorgt"	"9.832550129963424E-4"
"explod"	"9.832550129963424E-4"
"improv"	"9.832550129963424E-4"
"angl"	"9.832550129963424E-4"
"chanc"	"9.832550129963424E-4"
"#costarica:"	"9.832550129963424E-4"
"emergency_servic"	"9.832550129963424E-4"
"liter"	"9.82846797177972E-4"
"clergyman"	"9.82846797177972E-4"
"descens"	"9.814578822607833E-4"
"soil"	"9.757069012265029E-4"
"owner"	"9.512039743937439E-4"
"deliver"	"9.512039743937439E-4"
"lost"	"9.512039743937439E-4"
"sold"	"9.501846491480892E-4"
"brazil"	"9.486951409604094E-4"
"occup"	"9.391794356128358E-4"
"find"	"9.329685906099838E-4"
"tw"	"9.329685906099838E-4"
"#cowx"	"9.26857438113271E-4"
"abstract"	"9.26857438113271E-4"
"releas"	"9.256682667906357E-4"
"typhoon_haiyan"	"9.256682667906357E-4"
"tissu"	"9.255916023828137E-4"
"islands:"	"9.255916023828137E-4"
"#lol"	"9.255916023828137E-4"
"buyer"	"9.255916023828137E-4"
"independence_da"	"9.255916023828137E-4"
"clash"	"9.255916023828137E-4"
"confection"	"9.255916023828137E-4"
"theolog"	"9.255916023828137E-4"
"instruc"	"9.255916023828137E-4"
"#hmrd"	"9.255916023828137E-4"
"therap"	"9.255916023828137E-4"
"wes"	"9.255916023828137E-4"
"#l"	"9.255916023828137E-4"
"jamaat"	"9.255916023828137E-4"
"computer_anim"	"9.255916023828137E-4"
"co/1es1yosk"	"9.255916023828137E-4"
"music_artist_"	"9.255916023828137E-4"
"smartphon"	"9.255916023828137E-4"
"amus"	"9.255916023828137E-4"
"regular_paym"	"9.255916023828137E-4"
"rohingy"	"9.255916023828137E-4"
"transition_metal"	"9.255916023828137E-4"
"eastern_standard_tim"	"9.255916023828137E-4"
"fak"	"9.255916023828137E-4"
"#5ma"	"9.255916023828137E-4"
"@noishobdo:"	"9.255916023828137E-4"
"#afghanistan"	"9.255916023828137E-4"
"fairy_chess_piec"	"9.255916023828137E-4"
"allah"	"9.255916023828137E-4"
"@basherkella:"	"9.255916023828137E-4"
"greec"	"9.255916023828137E-4"
"christian"	"9.255916023828137E-4"
"zealand"	"9.255916023828137E-4"
"sil"	"9.255916023828137E-4"
"zeeland"	"9.255916023828137E-4"
"folk_mus"	"9.255916023828137E-4"
"bor"	"9.255916023828137E-4"
"province_of_the_netherland"	"9.255916023828137E-4"
"#earthquake#"	"9.255916023828137E-4"
"profan"	"9.255916023828137E-4"
"commune_of_chil"	"9.255916023828137E-4"
"thriller"	"9.255916023828137E-4"
"time  2012-09-15"	"9.255916023828137E-4"
"#rohingy"	"9.255916023828137E-4"
"#…"	"9.255916023828137E-4"
"afghan"	"9.255916023828137E-4"
"mineral_resourc"	"9.255916023828137E-4"
"mejor"	"9.255916023828137E-4"
"varies"	"9.255916023828137E-4"
"north_americ"	"9.255916023828137E-4"
"meg"	"9.255916023828137E-4"
"archbishop"	"9.255916023828137E-4"
"vict"	"9.255916023828137E-4"
"mon"	"9.255916023828137E-4"
"abduc"	"9.255916023828137E-4"
"ushes"	"9.255916023828137E-4"
"0-2"	"9.255916023828137E-4"
"orang"	"9.250976742999351E-4"
"walmart"	"9.250976742999351E-4"
"royal_fam"	"9.250976742999351E-4"
"civil_defens"	"9.250976742999351E-4"
"amphibian_genus"	"9.250976742999351E-4"
"70"	"9.250976742999351E-4"
"integumentary_system"	"9.250976742999351E-4"
"paranorm"	"9.250976742999351E-4"
"rescue_"	"9.250976742999351E-4"
"climatic_zon"	"9.250976742999351E-4"
"monit"	"9.250976742999351E-4"
"panamá"	"9.250976742999351E-4"
"bless_you"	"9.250976742999351E-4"
"high_school"	"9.250976742999351E-4"
"air_force_academ"	"9.250976742999351E-4"
"private_hospit"	"9.250976742999351E-4"
"develop"	"9.250976742999351E-4"
"pik"	"9.250976742999351E-4"
"nin"	"9.250976742999351E-4"
"containm"	"9.250976742999351E-4"
"strand"	"9.250976742999351E-4"
"flush"	"9.250976742999351E-4"
"@mmd"	"9.250976742999351E-4"
"caribbean-w"	"9.250976742999351E-4"
"cadet_branch"	"9.250976742999351E-4"
"_new"	"9.250976742999351E-4"
"descart"	"9.250976742999351E-4"
"defensive_wal"	"9.250976742999351E-4"
"ust"	"9.250976742999351E-4"
"solidaridad"	"9.250976742999351E-4"
"wildfire:"	"9.250976742999351E-4"
"pick_up"	"9.250976742999351E-4"
"familiar_spirit"	"9.250976742999351E-4"
"registrad"	"9.250976742999351E-4"
"marikin"	"9.250976742999351E-4"
"visay"	"9.250976742999351E-4"
"runescap"	"9.250976742999351E-4"
"accident"	"9.250976742999351E-4"
"replic"	"9.250976742999351E-4"
"gland"	"9.250976742999351E-4"
"york"	"9.250976742999351E-4"
"//"	"9.250976742999351E-4"
"university_of_santo_tomas_hospit"	"9.250976742999351E-4"
"@deadmau5"	"9.250976742999351E-4"
"horrif"	"9.250976742999351E-4"
"#breaking:"	"9.250976742999351E-4"
"unit_of_are"	"9.250976742999351E-4"
"hojancha_"	"9.250976742999351E-4"
"massively_multiplayer_online_role-playing_gam"	"9.250976742999351E-4"
"transport_network"	"9.250976742999351E-4"
"deadmau5"	"9.250976742999351E-4"
"bagyong"	"9.250976742999351E-4"
"nep"	"9.250976742999351E-4"
"hwy"	"9.250976742999351E-4"
"médias_en_belgiqu"	"9.250976742999351E-4"
"public_transit"	"9.250976742999351E-4"
"anomalous_communic"	"9.250976742999351E-4"
"ecosystem"	"9.250976742999351E-4"
"ignor"	"9.250976742999351E-4"
"pacific_coast"	"9.250976742999351E-4"
"whe"	"9.250976742999351E-4"
"go_about"	"9.250976742999351E-4"
"hojanch"	"9.250976742999351E-4"
"@612brisbane:"	"9.250976742999351E-4"
"miniser"	"9.250976742999351E-4"
"#bigwes"	"9.246027578595495E-4"
"season"	"9.23266627392505E-4"
"institut"	"9.18609491430189E-4"
"reform"	"9.175644929474425E-4"
"va"	"9.175644929474425E-4"
"sel"	"9.175644929474425E-4"
"team_sport"	"9.175644929474425E-4"
"ind"	"9.175644929474425E-4"
"ball_gam"	"9.175644929474425E-4"
"_queensland"	"9.166741032193837E-4"
"subsister"	"9.166741032193837E-4"
"invoc"	"9.166741032193837E-4"
"depres"	"9.166741032193837E-4"
"weltraumorgan"	"9.166741032193837E-4"
"escal"	"9.166741032193837E-4"
"@abcnew"	"9.166741032193837E-4"
"@ancalerts:"	"9.166741032193837E-4"
"withdraw"	"9.166741032193837E-4"
"republ"	"9.130115742479461E-4"
"check"	"9.119343595651586E-4"
"tod"	"9.105449280338851E-4"
"prepar"	"9.105449280338851E-4"
"traged"	"9.105449280338851E-4"
"communic"	"9.094541776715204E-4"
"wit"	"9.084301017738827E-4"
"inclus"	"9.073406352944069E-4"
"criter"	"9.073406352944069E-4"
"slain"	"9.073406352944069E-4"
"méxic"	"9.073406352944069E-4"
"#cluth"	"9.020114671837165E-4"
"fruit"	"9.019162107003487E-4"
"container"	"9.019162107003487E-4"
"sic"	"9.019162107003487E-4"
"bon"	"9.009263380236332E-4"
"bangladesh:"	"9.009263380236332E-4"
"impact"	"9.009263380236332E-4"
"todo"	"9.009263380236332E-4"
"scal"	"8.947464202111455E-4"
"order"	"8.923658590636041E-4"
"seismic_scal"	"8.84773701760988E-4"
"natural_person"	"8.742847868911108E-4"
"latest"	"8.742847868911108E-4"
"corpor"	"8.693710886854555E-4"
"heav"	"8.496018351280554E-4"
"constructed_structur"	"8.496018351280554E-4"
"team"	"8.41841765539475E-4"
"map"	"8.406521523901533E-4"
"exploit"	"8.406521523901533E-4"
"adversarial_proces"	"8.283880251030995E-4"
"achromatic_color"	"8.283880251030995E-4"
"fact_shees"	"8.283880251030995E-4"
"general_officer"	"8.283880251030995E-4"
"#elsalvador"	"8.283880251030995E-4"
"brother"	"8.283880251030995E-4"
"gain"	"8.283880251030995E-4"
"social_rel"	"8.283880251030995E-4"
"drought"	"8.283880251030995E-4"
"#believeacoust"	"8.283880251030995E-4"
"group_dynam"	"8.283880251030995E-4"
"s_degre"	"8.283880251030995E-4"
"throw"	"8.283880251030995E-4"
"setup"	"8.276960131864408E-4"
"tremor"	"8.276960131864408E-4"
"atroc"	"8.276960131864408E-4"
"flam"	"8.276960131864408E-4"
"48"	"8.276960131864408E-4"
"lithgow"	"8.276960131864408E-4"
"earth_sci"	"8.276960131864408E-4"
"700"	"8.276960131864408E-4"
"cebu"	"8.276960131864408E-4"
"brook"	"8.276960131864408E-4"
"sintió"	"8.276960131864408E-4"
"amorphous_solis"	"8.276960131864408E-4"
"catastroph"	"8.276960131864408E-4"
"wtf"	"7.78699422249729E-4"
"13"	"7.78699422249729E-4"
"contest"	"7.78699422249729E-4"
"cop"	"7.779081115739661E-4"
"prev"	"7.779081115739661E-4"
"@bbcbreaking:"	"7.779081115739661E-4"
"min"	"7.779081115739661E-4"
"comfort"	"7.779081115739661E-4"
"carry_through"	"7.779081115739661E-4"
"western_malayo-polynes"	"7.779081115739661E-4"
"south_afric"	"7.403743865549428E-4"
"thailand"	"7.403743865549428E-4"
"classical_mus"	"7.403743865549428E-4"
"antarct"	"7.403743865549428E-4"
"silver"	"7.403743865549428E-4"
"tiemp"	"7.403743865549428E-4"
"the_afghan"	"7.403743865549428E-4"
"september_8"	"7.403743865549428E-4"
"sweetener"	"7.403743865549428E-4"
"shame_"	"7.403743865549428E-4"
"time  2012-09-16"	"7.403743865549428E-4"
"tast"	"7.403743865549428E-4"
"stamp"	"7.403743865549428E-4"
"september_10"	"7.403743865549428E-4"
"theor"	"7.403743865549428E-4"
"bangladesh_jamaat-e-islam"	"7.403743865549428E-4"
"classical_condit"	"7.403743865549428E-4"
"september_14"	"7.403743865549428E-4"
"tortur"	"7.403743865549428E-4"
"tay"	"7.403743865549428E-4"
"september_6"	"7.403743865549428E-4"
"tickes"	"7.403743865549428E-4"
"seguidor"	"7.403743865549428E-4"
"strip"	"7.403743865549428E-4"
"balkan_countr"	"7.403743865549428E-4"
"magnitude  ml"	"7.403743865549428E-4"
"#sunses"	"7.403743865549428E-4"
"get_rid_of"	"7.403743865549428E-4"
"#remember911"	"7.403743865549428E-4"
"#redbird"	"7.403743865549428E-4"
"#summer"	"7.403743865549428E-4"
"graphem"	"7.403743865549428E-4"
"new_jerse"	"7.403743865549428E-4"
"#vac"	"7.403743865549428E-4"
"#warcrim"	"7.403743865549428E-4"
"cand"	"7.403743865549428E-4"
"#vprsd"	"7.403743865549428E-4"
"#putinsfavoriteflick"	"7.403743865549428E-4"
"#postcard"	"7.403743865549428E-4"
"cres"	"7.403743865549428E-4"
"#paragua"	"7.403743865549428E-4"
"indonesia:"	"7.403743865549428E-4"
"omfg"	"7.403743865549428E-4"
"opening:"	"7.403743865549428E-4"
"#palest"	"7.403743865549428E-4"
"boost"	"7.403743865549428E-4"
"cyril"	"7.403743865549428E-4"
"@feb28info:"	"7.403743865549428E-4"
"ahahah"	"7.403743865549428E-4"
"nnw"	"7.403743865549428E-4"
"#photograph"	"7.403743865549428E-4"
"s=&gt"	"7.403743865549428E-4"
"hawk"	"7.403743865549428E-4"
"origin"	"7.403743865549428E-4"
"invest"	"7.403743865549428E-4"
"israel"	"7.403743865549428E-4"
"british_overseas_territor"	"7.403743865549428E-4"
"31"	"7.403743865549428E-4"
"iphon"	"7.403743865549428E-4"
"winter"	"7.403743865549428E-4"
"holy_day_of_oblig"	"7.403743865549428E-4"
"@wnicholasgomes:"	"7.403743865549428E-4"
"corporal_punishm"	"7.403743865549428E-4"
"information_system"	"7.403743865549428E-4"
"insan"	"7.403743865549428E-4"
"jav"	"7.403743865549428E-4"
"weird"	"7.403743865549428E-4"
"credit"	"7.403743865549428E-4"
"07"	"7.403743865549428E-4"
"05"	"7.403743865549428E-4"
"lma"	"7.403743865549428E-4"
"hik"	"7.403743865549428E-4"
"literary_techniqu"	"7.403743865549428E-4"
"himn"	"7.403743865549428E-4"
"kepulauan"	"7.403743865549428E-4"
"lahat"	"7.403743865549428E-4"
"_californ"	"7.403743865549428E-4"
"breath"	"7.403743865549428E-4"
"business_rank"	"7.403743865549428E-4"
"firework"	"7.403743865549428E-4"
"football_player"	"7.403743865549428E-4"
"#luhc2k13"	"7.403743865549428E-4"
"dud"	"7.403743865549428E-4"
"delict"	"7.403743865549428E-4"
"#clim"	"7.403743865549428E-4"
"rea"	"7.403743865549428E-4"
"#concacaf"	"7.403743865549428E-4"
"psychological_manipl"	"7.403743865549428E-4"
"elbow_room"	"7.403743865549428E-4"
"pseuderanthemum_variabil"	"7.403743865549428E-4"
"prof=8"	"7.403743865549428E-4"
"prophes"	"7.403743865549428E-4"
"#djokov"	"7.403743865549428E-4"
"#cardinalstock"	"7.403743865549428E-4"
"#canad"	"7.403743865549428E-4"
"#cagliar"	"7.403743865549428E-4"
"amerind"	"7.403743865549428E-4"
"deposit"	"7.403743865549428E-4"
"roof_shingl"	"7.403743865549428E-4"
"#addseguidor"	"7.403743865549428E-4"
"digital_camer"	"7.403743865549428E-4"
"annivers"	"7.403743865549428E-4"
"transit"	"7.403743865549428E-4"
"@opbangladesh:"	"7.403743865549428E-4"
"disorder"	"7.403743865549428E-4"
"discard"	"7.403743865549428E-4"
"#eqjp"	"7.403743865549428E-4"
"propagand"	"7.403743865549428E-4"
"#flower"	"7.403743865549428E-4"
"feast_da"	"7.403743865549428E-4"
"physiolog"	"7.403743865549428E-4"
"chittagong"	"7.403743865549428E-4"
"#gift"	"7.403743865549428E-4"
"fasc"	"7.403743865549428E-4"
"#ita"	"7.403743865549428E-4"
"#freeship"	"7.403743865549428E-4"
"#japan"	"7.403743865549428E-4"
"packing_cas"	"7.403743865549428E-4"
"parad"	"7.403743865549428E-4"
"partner_"	"7.403743865549428E-4"
"executive_departm"	"7.403743865549428E-4"
"indonesiad"	"7.403743865549428E-4"
"postcard"	"7.403743865549428E-4"
"postal_station"	"7.403743865549428E-4"
"chiap"	"7.399793172642166E-4"
"explosión_en_la_refinería_de_amua"	"7.399793172642166E-4"
"laggard"	"7.399793172642166E-4"
"rf"	"7.399793172642166E-4"
"bom"	"7.399793172642166E-4"
"heartbeat"	"7.399793172642166E-4"
"heartbreak"	"7.399793172642166E-4"
"justin_bieber"	"7.399793172642166E-4"
"justin_"	"7.399793172642166E-4"
"concres"	"7.399793172642166E-4"
"intercardinal_direct"	"7.399793172642166E-4"
"fellow"	"7.399793172642166E-4"
"directive_"	"7.399793172642166E-4"
"73"	"7.399793172642166E-4"
"gradi"	"7.399793172642166E-4"
"weekend_"	"7.399793172642166E-4"
"cnn:"	"7.399793172642166E-4"
"huffington_post"	"7.399793172642166E-4"
"injured:"	"7.399793172642166E-4"
"reshm"	"7.399793172642166E-4"
"cooler"	"7.399793172642166E-4"
"civil_par"	"7.399793172642166E-4"
"hotl"	"7.399793172642166E-4"
"guanacaste_provinc"	"7.399793172642166E-4"
"@elcomercio:"	"7.399793172642166E-4"
"bisay"	"7.399793172642166E-4"
"declaró"	"7.399793172642166E-4"
"patient"	"7.399793172642166E-4"
"raccolt"	"7.399793172642166E-4"
"@nas"	"7.399793172642166E-4"
"@basedbieberlif"	"7.399793172642166E-4"
"@qpsmed"	"7.399793172642166E-4"
"ocurrid"	"7.399793172642166E-4"
"pair"	"7.399793172642166E-4"
"dead:"	"7.399793172642166E-4"
"outl"	"7.399793172642166E-4"
"overspread"	"7.399793172642166E-4"
"@biobio:"	"7.399793172642166E-4"
"freshwater_f"	"7.399793172642166E-4"
"deliber"	"7.399793172642166E-4"
"pictures:"	"7.399793172642166E-4"
"department_of_local_governm"	"7.399793172642166E-4"
"protezion"	"7.399793172642166E-4"
"prem"	"7.399793172642166E-4"
"draw_back"	"7.399793172642166E-4"
"@huffingtonpost:"	"7.399793172642166E-4"
"drinking_water"	"7.399793172642166E-4"
"pilgrimage_sit"	"7.399793172642166E-4"
"police_scotland"	"7.399793172642166E-4"
"fotos:"	"7.399793172642166E-4"
"@time:"	"7.399793172642166E-4"
"nuev"	"7.399793172642166E-4"
"bieber"	"7.399793172642166E-4"
"9-magnitud"	"7.399793172642166E-4"
"merg"	"7.399793172642166E-4"
"aquí"	"7.399793172642166E-4"
"ger"	"7.399793172642166E-4"
"meanwhil"	"7.399793172642166E-4"
"bangl"	"7.399793172642166E-4"
"flood_alers"	"7.399793172642166E-4"
"banglad"	"7.399793172642166E-4"
"go_down"	"7.399793172642166E-4"
"magadhan"	"7.399793172642166E-4"
"bangladesh’"	"7.399793172642166E-4"
"create_from_raw_mater"	"7.399793172642166E-4"
"federal_emergency_management_ag"	"7.399793172642166E-4"
"mise_à_jour"	"7.399793172642166E-4"
"geológic"	"7.399793172642166E-4"
"northern_colorad"	"7.399793172642166E-4"
"@yahoonew"	"7.399793172642166E-4"
"nov"	"7.399793172642166E-4"
"news_confer"	"7.399793172642166E-4"
"da14"	"7.399793172642166E-4"
"agit"	"7.399793172642166E-4"
"ancor"	"7.399793172642166E-4"
"altr"	"7.399793172642166E-4"
"airlift"	"7.399793172642166E-4"
"harvest"	"7.399793172642166E-4"
"apparel_industr"	"7.399793172642166E-4"
"troubadour"	"7.399793172642166E-4"
"straggler"	"7.399793172642166E-4"
"#weatheralers"	"7.399793172642166E-4"
"$10"	"7.399793172642166E-4"
"#cost"	"7.399793172642166E-4"
"sw"	"7.399793172642166E-4"
"santiago_de_compostel"	"7.399793172642166E-4"
"state_of_brazil"	"7.399793172642166E-4"
"uerm"	"7.399793172642166E-4"
"take_out"	"7.399793172642166E-4"
"tv_miniser"	"7.399793172642166E-4"
"150"	"7.399793172642166E-4"
"127"	"7.399793172642166E-4"
"#tornad"	"7.399793172642166E-4"
"#typhoonhaiyan"	"7.399793172642166E-4"
"strongest"	"7.399793172642166E-4"
"rod"	"7.399793172642166E-4"
"tripl"	"7.399793172642166E-4"
"urgente:"	"7.399793172642166E-4"
"#brasil"	"7.399793172642166E-4"
"rur"	"7.399793172642166E-4"
"side_project"	"7.399793172642166E-4"
"vítim"	"7.399793172642166E-4"
"sunsh"	"7.399793172642166E-4"
"shook"	"7.399793172642166E-4"
"#mountain"	"5.552066458676119E-4"
"pizz"	"5.552066458676119E-4"
"phob"	"5.552066458676119E-4"
"[最大震度]"	"5.552066458676119E-4"
"plain"	"5.552066458676119E-4"
"#hap"	"5.552066458676119E-4"
"[震源地]"	"5.552066458676119E-4"
"analges"	"5.552066458676119E-4"
"anthropolog"	"5.552066458676119E-4"
"#hik"	"5.552066458676119E-4"
"petroleum_produc"	"5.552066458676119E-4"
"petróleo"	"5.552066458676119E-4"
"pharmaceut"	"5.552066458676119E-4"
"#hefazat"	"5.552066458676119E-4"
"anthem"	"5.552066458676119E-4"
"confirmó"	"5.552066458676119E-4"
"#gocard"	"5.552066458676119E-4"
"#opbangladesh"	"5.552066458676119E-4"
"pork"	"5.552066458676119E-4"
"convict"	"5.552066458676119E-4"
"arch"	"5.552066458676119E-4"
"aristocr"	"5.552066458676119E-4"
"arithmetic_mean"	"5.552066458676119E-4"
"political_mov"	"5.552066458676119E-4"
"consecutiv"	"5.552066458676119E-4"
"#newyork"	"5.552066458676119E-4"
"#genoc"	"5.552066458676119E-4"
"polar_reg"	"5.552066458676119E-4"
"police_quarter"	"5.552066458676119E-4"
"conquer"	"5.552066458676119E-4"
"#nyc"	"5.552066458676119E-4"
"consecut"	"5.552066458676119E-4"
"uk_newspaper"	"5.552066458676119E-4"
"aleutian_island"	"5.552066458676119E-4"
"pericop"	"5.552066458676119E-4"
"ord"	"5.552066458676119E-4"
"#may5"	"5.552066458676119E-4"
"#mahas"	"5.552066458676119E-4"
"#m"	"5.552066458676119E-4"
"cobertur"	"5.552066458676119E-4"
"oncle_et_tant"	"5.552066458676119E-4"
"#mayda"	"5.552066458676119E-4"
"come_back"	"5.552066458676119E-4"
"come_down"	"5.552066458676119E-4"
"operating_system"	"5.552066458676119E-4"
"#model"	"5.552066458676119E-4"
"#milit"	"5.552066458676119E-4"
"oooh"	"5.552066458676119E-4"
"come_on"	"5.552066458676119E-4"
"#longmont"	"5.552066458676119E-4"
"admirer"	"5.552066458676119E-4"
"paid"	"5.552066458676119E-4"
"_cebu"	"5.552066458676119E-4"
"#kashmir"	"5.552066458676119E-4"
"aint"	"5.552066458676119E-4"
"affection"	"5.552066458676119E-4"
"aleut"	"5.552066458676119E-4"
"african"	"5.552066458676119E-4"
"concacaf"	"5.552066458676119E-4"
"ador"	"5.552066458676119E-4"
"#lif"	"5.552066458676119E-4"
"adventure_fict"	"5.552066458676119E-4"
"#fash"	"5.552066458676119E-4"
"panahon"	"5.552066458676119E-4"
"palm"	"5.552066458676119E-4"
"army_unit"	"5.552066458676119E-4"
"tem"	"5.552066458676119E-4"
"#falcón"	"5.552066458676119E-4"
"segm"	"5.552066458676119E-4"
"school_holida"	"5.552066458676119E-4"
"screen"	"5.552066458676119E-4"
"segu"	"5.552066458676119E-4"
"servicem"	"5.552066458676119E-4"
"september_15"	"5.552066458676119E-4"
"september_17"	"5.552066458676119E-4"
"✔#bestrapper"	"5.552066458676119E-4"
"brit"	"5.552066458676119E-4"
"boston_red_sox"	"5.552066458676119E-4"
"salut"	"5.552066458676119E-4"
"bnp"	"5.552066458676119E-4"
"rumor"	"5.552066458676119E-4"
"rushdie_novel"	"5.552066458676119E-4"
"bolaño"	"5.552066458676119E-4"
"book_ser"	"5.552066458676119E-4"
"september_4"	"5.552066458676119E-4"
"sexual_ori"	"5.552066458676119E-4"
"rons"	"5.552066458676119E-4"
"somal"	"5.552066458676119E-4"
"change_of_cour"	"5.552066458676119E-4"
"solid_body_subst"	"5.552066458676119E-4"
"chat"	"5.552066458676119E-4"
"tooth"	"5.552066458676119E-4"
"soo"	"5.552066458676119E-4"
"soooo"	"5.552066458676119E-4"
"宮城県沖"	"5.552066458676119E-4"
"天気:"	"5.552066458676119E-4"
"ski_resort"	"5.552066458676119E-4"
"singl"	"5.552066458676119E-4"
"cantonm"	"5.552066458676119E-4"
"capital_punishm"	"5.552066458676119E-4"
"sidorukun"	"5.552066458676119E-4"
"significant_other"	"5.552066458676119E-4"
"sim"	"5.552066458676119E-4"
"#aljazeer"	"5.552066458676119E-4"
"biogeographical_reg"	"5.552066458676119E-4"
"art_form"	"5.552066458676119E-4"
"avec"	"5.552066458676119E-4"
"attorne"	"5.552066458676119E-4"
"audit"	"5.552066458676119E-4"
"aversiv"	"5.552066458676119E-4"
"ral"	"5.552066458676119E-4"
"axis_of_rot"	"5.552066458676119E-4"
"querí"	"5.552066458676119E-4"
"proposed_province_of_indones"	"5.552066458676119E-4"
"proper_noun"	"5.552066458676119E-4"
"professionalism_in_association_footbal"	"5.552066458676119E-4"
"#paradis"	"5.552066458676119E-4"
"#everylittlestep"	"5.552066458676119E-4"
"private_univers"	"5.552066458676119E-4"
"aspect"	"5.552066458676119E-4"
"procedure_word"	"5.552066458676119E-4"
"asshol"	"5.552066458676119E-4"
"baj"	"5.552066458676119E-4"
"range_"	"5.552066458676119E-4"
"transducer"	"5.552066458676119E-4"
"repost"	"5.552066458676119E-4"
"religious_song"	"5.552066458676119E-4"
"#bnp"	"5.552066458676119E-4"
"#beaut"	"5.552066458676119E-4"
"#cdnpol"	"5.552066458676119E-4"
"beverly_hil"	"5.552066458676119E-4"
"bicycl"	"5.552066458676119E-4"
"#bost"	"5.552066458676119E-4"
"regions"	"5.552066458676119E-4"
"bayan"	"5.552066458676119E-4"
"tricycl"	"5.552066458676119E-4"
"ratusan"	"5.552066458676119E-4"
"barbecu"	"5.552066458676119E-4"
"reap"	"5.552066458676119E-4"
"basketbal"	"5.552066458676119E-4"
"basketball_team"	"5.552066458676119E-4"
"nut"	"5.552066458676119E-4"
"crimes_against_human"	"5.552066458676119E-4"
"counsel"	"5.552066458676119E-4"
"2014"	"5.552066458676119E-4"
"western_hemispher"	"5.552066458676119E-4"
"flaw"	"5.552066458676119E-4"
"2012/09/14"	"5.552066458676119E-4"
"jp】"	"5.552066458676119E-4"
"film_producer"	"5.552066458676119E-4"
"web"	"5.552066458676119E-4"
"jst"	"5.552066458676119E-4"
"joy"	"5.552066458676119E-4"
"full-tim"	"5.552066458676119E-4"
"¿qué"	"5.552066458676119E-4"
"fuckin"	"5.552066458676119E-4"
"jeal"	"5.552066458676119E-4"
"@gameofthron"	"5.552066458676119E-4"
"foreign"	"5.552066458676119E-4"
"fort_collin"	"5.552066458676119E-4"
"27km"	"5.552066458676119E-4"
"favourit"	"5.552066458676119E-4"
"fav"	"5.552066458676119E-4"
"waterproof"	"5.552066458676119E-4"
"ll_parser"	"5.552066458676119E-4"
"entertainer"	"5.552066458676119E-4"
"ennobl"	"5.552066458676119E-4"
"lmfa"	"5.552066458676119E-4"
"las_veg"	"5.552066458676119E-4"
"loan"	"5.552066458676119E-4"
"lock"	"5.552066458676119E-4"
"1-0"	"5.552066458676119E-4"
"esclav"	"5.552066458676119E-4"
"legal_profes"	"5.552066458676119E-4"
"leather"	"5.552066458676119E-4"
"14/09/12"	"5.552066458676119E-4"
"law_"	"5.552066458676119E-4"
"evil"	"5.552066458676119E-4"
"lead_and_follow"	"5.552066458676119E-4"
"evergreen"	"5.552066458676119E-4"
"ist"	"5.552066458676119E-4"
"island_group"	"5.552066458676119E-4"
"emoticon"	"5.552066458676119E-4"
"humid"	"5.552066458676119E-4"
"h/t"	"5.552066458676119E-4"
"grup"	"5.552066458676119E-4"
"hut"	"5.552066458676119E-4"
"homophob"	"5.552066458676119E-4"
"gol"	"5.552066458676119E-4"
"96"	"5.552066458676119E-4"
"hone"	"5.552066458676119E-4"
"hairstyl"	"5.552066458676119E-4"
"4km"	"5.552066458676119E-4"
"hawaii:"	"5.552066458676119E-4"
"@bbcworld"	"5.552066458676119E-4"
"yard"	"5.552066458676119E-4"
"ya_"	"5.552066458676119E-4"
"@asot600ca:"	"5.552066458676119E-4"
"yem"	"5.552066458676119E-4"
"hasina_"	"5.552066458676119E-4"
"go_card"	"5.552066458676119E-4"
"go_back"	"5.552066458676119E-4"
"gminy_portugali"	"5.552066458676119E-4"
"gan"	"5.552066458676119E-4"
"ganhar"	"5.552066458676119E-4"
"ganh"	"5.552066458676119E-4"
"game_show"	"5.552066458676119E-4"
"glenwood"	"5.552066458676119E-4"
"5-mag"	"5.552066458676119E-4"
"4th"	"5.552066458676119E-4"
"garrison"	"5.552066458676119E-4"
"gasol"	"5.552066458676119E-4"
"international_law"	"5.552066458676119E-4"
"intellig"	"5.552066458676119E-4"
"giveawa"	"5.552066458676119E-4"
"give_awa"	"5.552066458676119E-4"
"girlfriens"	"5.552066458676119E-4"
"infectious_diseas"	"5.552066458676119E-4"
"intellect"	"5.552066458676119E-4"
"empres"	"5.552066458676119E-4"
"vulgar"	"5.552066458676119E-4"
"#pitmad"	"5.552066458676119E-4"
"#serviziopubblic"	"5.552066458676119E-4"
"#shaplachattar"	"5.552066458676119E-4"
"defense_intelligence_ag"	"5.552066458676119E-4"
"musical_perform"	"5.552066458676119E-4"
"#shibir"	"5.552066458676119E-4"
"debt"	"5.552066458676119E-4"
"#santamaria:"	"5.552066458676119E-4"
"mujer"	"5.552066458676119E-4"
"motherfucker"	"5.552066458676119E-4"
"despu"	"5.552066458676119E-4"
"#stl"	"5.552066458676119E-4"
"velocirapt"	"5.552066458676119E-4"
"vec"	"5.552066458676119E-4"
"@sabrina_s71:"	"5.552066458676119E-4"
"vascular_pl"	"5.552066458676119E-4"
"depth："	"5.552066458676119E-4"
"#somal"	"5.552066458676119E-4"
"date:"	"5.552066458676119E-4"
"dark_"	"5.552066458676119E-4"
"#rmg"	"5.552066458676119E-4"
"creat"	"5.552066458676119E-4"
"cross-polytop"	"5.552066458676119E-4"
"south_americ"	"5.552066458676119E-4"
"#polit"	"5.552066458676119E-4"
"national_anthem"	"5.552066458676119E-4"
"nlc"	"5.552066458676119E-4"
"cousin"	"5.552066458676119E-4"
"newsstand"	"5.552066458676119E-4"
"new_world"	"5.552066458676119E-4"
"cush"	"5.552066458676119E-4"
"custom"	"5.552066458676119E-4"
"cyclone_mahas"	"5.552066458676119E-4"
"cycl"	"5.552066458676119E-4"
"cut_of_pork"	"5.552066458676119E-4"
"national_symbol"	"5.552066458676119E-4"
"#redey"	"5.552066458676119E-4"
"ml"	"5.552066458676119E-4"
"dest"	"5.552066458676119E-4"
"electro-acoustic_transducer"	"5.552066458676119E-4"
"mans"	"5.552066458676119E-4"
"male_aristocrat"	"5.552066458676119E-4"
"visit=&gt"	"5.552066458676119E-4"
"#war"	"5.552066458676119E-4"
"к"	"5.552066458676119E-4"
"marian"	"5.552066458676119E-4"
"mariana_island"	"5.552066458676119E-4"
"east_southeast"	"5.552066458676119E-4"
"#yem"	"5.552066458676119E-4"
"#s…"	"5.552066458676119E-4"
"eff"	"5.552066458676119E-4"
"m4"	"5.552066458676119E-4"
"machine_el"	"5.552066458676119E-4"
"voir"	"5.552066458676119E-4"
"economic_order"	"5.552066458676119E-4"
"magnitude  m"	"5.552066458676119E-4"
"vocal_mus"	"5.552066458676119E-4"
"vin"	"5.552066458676119E-4"
"@npdice:"	"5.552066458676119E-4"
"#un"	"5.552066458676119E-4"
"dig"	"5.552066458676119E-4"
"disagreeable_person"	"5.552066458676119E-4"
"@real_liam_payn"	"5.552066458676119E-4"
"military_intellig"	"5.552066458676119E-4"
"mayda"	"5.552066458676119E-4"
"military_quarter"	"5.552066458676119E-4"
"dick"	"5.552066458676119E-4"
"metric_weight_unit"	"5.552066458676119E-4"
"#thomas_hiat"	"5.552066458676119E-4"
"discernm"	"5.552066458676119E-4"
"mentawa"	"5.552066458676119E-4"
"dom"	"5.552066458676119E-4"
"meal"	"5.552066458676119E-4"
"measure_up"	"5.552066458676119E-4"
"dl"	"5.552066458676119E-4"
"#tomqand"	"5.552066458676119E-4"
"soundtrack"	"5.552066458676119E-4"
"#may"	"5.552066458676119E-4"
"test_autom"	"5.552066458676119E-4"
"chinese_surnam"	"5.552066458676119E-4"
"city_"	"5.552066458676119E-4"
"techn"	"5.552066458676119E-4"
"th…"	"5.552066458676119E-4"
"synonym"	"5.552066458676119E-4"
"co-"	"5.552066458676119E-4"
"speaker"	"5.552066458676119E-4"
"stal"	"5.552066458676119E-4"
"supercontin"	"5.552066458676119E-4"
"teng"	"5.552066458676119E-4"
"china:"	"5.552066458676119E-4"
"studi"	"5.552066458676119E-4"
"震度1"	"5.552066458676119E-4"
"stev"	"5.552066458676119E-4"
"talag"	"5.552066458676119E-4"
"time_"	"5.552066458676119E-4"
"sports_club"	"5.552066458676119E-4"
"tan"	"5.552066458676119E-4"
"stol"	"5.552066458676119E-4"
"springs:"	"5.552066458676119E-4"
"sse_plc"	"5.552066458676119E-4"
"thx"	"5.552066458676119E-4"
"thril"	"5.552066458676119E-4"
"circumst"	"5.552066458676119E-4"
"teach"	"5.552066458676119E-4"
"tempor"	"5.552066458676119E-4"
"福島県沖で地震　最大震度"	"5.552066458676119E-4"
"toggl"	"5.549103987529946E-4"
"ocurrió"	"5.549103987529946E-4"
"informand"	"5.549103987529946E-4"
"@afp"	"5.549103987529946E-4"
"forç"	"5.549103987529946E-4"
"media_ev"	"5.549103987529946E-4"
"stay_"	"5.549103987529946E-4"
"informan"	"5.549103987529946E-4"
"desaparecis"	"5.549103987529946E-4"
"ayer"	"5.549103987529946E-4"
"recovery_"	"5.549103987529946E-4"
"deter"	"5.549103987529946E-4"
"sardegna:"	"5.549103987529946E-4"
"información"	"5.549103987529946E-4"
"ghost"	"5.549103987529946E-4"
"farrel"	"5.549103987529946E-4"
"reiter"	"5.549103987529946E-4"
"carri"	"5.549103987529946E-4"
"suppl"	"5.549103987529946E-4"
"sangr"	"5.549103987529946E-4"
"m7"	"5.549103987529946E-4"
"official:"	"5.549103987529946E-4"
"_arkans"	"5.549103987529946E-4"
"@climavzla:"	"5.549103987529946E-4"
"sound_system"	"5.549103987529946E-4"
"ua&amp"	"5.549103987529946E-4"
"blew"	"5.549103987529946E-4"
"@cmdr_hadfield:"	"5.549103987529946E-4"
"caryops"	"5.549103987529946E-4"
"@elcomerci"	"5.549103987529946E-4"
"build_up"	"5.549103987529946E-4"
"activas"	"5.549103987529946E-4"
"610"	"5.549103987529946E-4"
"ndrrmc:"	"5.549103987529946E-4"
"sound_reproduc"	"5.549103987529946E-4"
"consc"	"5.549103987529946E-4"
"azot"	"5.549103987529946E-4"
"челябинский"	"5.549103987529946E-4"
"@abcwidebay:"	"5.549103987529946E-4"
"em_quas"	"5.549103987529946E-4"
"пообещал"	"5.549103987529946E-4"
"comisión"	"5.549103987529946E-4"
"#emil"	"5.549103987529946E-4"
"sincer"	"5.549103987529946E-4"
"preventiv"	"5.549103987529946E-4"
"roar"	"5.549103987529946E-4"
"at_any_r"	"5.549103987529946E-4"
"domestic_cat"	"5.549103987529946E-4"
"rout"	"5.549103987529946E-4"
"paul_walker"	"5.549103987529946E-4"
"melt"	"5.549103987529946E-4"
"it’"	"5.549103987529946E-4"
"trist"	"5.549103987529946E-4"
"accompan"	"5.549103987529946E-4"
"@unicef"	"5.549103987529946E-4"
"романтик"	"5.549103987529946E-4"
"acopi"	"5.549103987529946E-4"
"acknowledg"	"5.549103987529946E-4"
"a…"	"5.549103987529946E-4"
"emergenz"	"5.549103987529946E-4"
"champeric"	"5.549103987529946E-4"
"pánic"	"5.549103987529946E-4"
"macquari"	"5.549103987529946E-4"
"atmospheric_electr"	"5.549103987529946E-4"
"@redcrossau:"	"5.549103987529946E-4"
"pinoy"	"5.549103987529946E-4"
"суровый"	"5.549103987529946E-4"
"seismic_wav"	"5.549103987529946E-4"
"kedr"	"5.549103987529946E-4"
"своей"	"5.549103987529946E-4"
"@energec"	"5.549103987529946E-4"
"morto"	"5.549103987529946E-4"
"missing_person"	"5.549103987529946E-4"
"spread:"	"5.549103987529946E-4"
"@cnnmex:"	"5.549103987529946E-4"
"seatrain_album"	"5.549103987529946E-4"
"avers"	"5.549103987529946E-4"
"1800"	"5.549103987529946E-4"
"web_applic"	"5.549103987529946E-4"
"@telesurtv:"	"5.549103987529946E-4"
"@stvnews:"	"5.549103987529946E-4"
"@joefresh"	"5.549103987529946E-4"
"95"	"5.549103987529946E-4"
"poem"	"5.549103987529946E-4"
"corrier"	"5.549103987529946E-4"
"@coemergency:"	"5.549103987529946E-4"
"drop-off"	"5.549103987529946E-4"
"american_band"	"5.549103987529946E-4"
"american_broadcasting_compan"	"5.549103987529946E-4"
"admon"	"5.549103987529946E-4"
"cayó"	"5.549103987529946E-4"
"benetton"	"5.549103987529946E-4"
"strok"	"5.549103987529946E-4"
"seq"	"5.549103987529946E-4"
"paraguaná_refinery_complec"	"5.549103987529946E-4"
"950"	"5.549103987529946E-4"
"equipm"	"5.549103987529946E-4"
"inspect"	"5.549103987529946E-4"
"4pm"	"5.549103987529946E-4"
"021"	"5.549103987529946E-4"
"forbear"	"5.549103987529946E-4"
"@qldses:"	"5.549103987529946E-4"
"name-drop"	"5.549103987529946E-4"
"780"	"5.549103987529946E-4"
"#b…"	"5.549103987529946E-4"
"#worldnew"	"5.549103987529946E-4"
"police:"	"5.549103987529946E-4"
"@denverchannel:"	"5.549103987529946E-4"
"dispersi:"	"5.549103987529946E-4"
"647"	"5.549103987529946E-4"
"degree"	"5.549103987529946E-4"
"advisory:"	"5.549103987529946E-4"
"5°"	"5.549103987529946E-4"
"wouldn"	"5.549103987529946E-4"
"vacuum"	"5.549103987529946E-4"
"countrym"	"5.549103987529946E-4"
"local_government_are"	"5.549103987529946E-4"
"countryman"	"5.549103987529946E-4"
"jump"	"5.549103987529946E-4"
"await"	"5.549103987529946E-4"
"polymer"	"5.549103987529946E-4"
"@abcnews:"	"5.549103987529946E-4"
"aug"	"5.549103987529946E-4"
"245"	"5.549103987529946E-4"
"audio_storage_devic"	"5.549103987529946E-4"
"local"	"5.549103987529946E-4"
"ural_mountain"	"5.549103987529946E-4"
"telstr"	"5.549103987529946E-4"
"blackout"	"5.549103987529946E-4"
"famili"	"5.549103987529946E-4"
"audio_sign"	"5.549103987529946E-4"
"@abcnews24:"	"5.549103987529946E-4"
"religious_text"	"5.549103987529946E-4"
"santa_mar"	"5.549103987529946E-4"
"10th_edit"	"5.549103987529946E-4"
"provocó"	"5.549103987529946E-4"
"cere"	"5.549103987529946E-4"
"extract"	"5.549103987529946E-4"
"clean-up"	"5.549103987529946E-4"
"plum"	"5.549103987529946E-4"
"province_of_costa_ric"	"5.549103987529946E-4"
"bemoan"	"5.549103987529946E-4"
"belém"	"5.549103987529946E-4"
"lockyer_valle"	"5.549103987529946E-4"
"lockyer"	"5.549103987529946E-4"
"catch_fir"	"5.549103987529946E-4"
"residential_are"	"5.549103987529946E-4"
"temperam"	"5.549103987529946E-4"
"times:"	"5.549103987529946E-4"
"pledg"	"5.549103987529946E-4"
"11:00pm"	"5.549103987529946E-4"
"marikina_river"	"5.549103987529946E-4"
"cancelan"	"5.549103987529946E-4"
"labor_part"	"5.549103987529946E-4"
"short_message_servic"	"5.549103987529946E-4"
"@yahoonews:"	"5.549103987529946E-4"
"brev"	"5.549103987529946E-4"
"motorcycl"	"5.549103987529946E-4"
"@neasg"	"5.549103987529946E-4"
"@autalert:"	"5.549103987529946E-4"
"briefing:"	"5.549103987529946E-4"
"-east"	"5.549103987529946E-4"
"result"	"5.549103987529946E-4"
"82"	"5.549103987529946E-4"
"victims:"	"5.549103987529946E-4"
"outer_spac"	"5.549103987529946E-4"
"despair"	"5.549103987529946E-4"
"_rio_grande_do_sl"	"5.549103987529946E-4"
"peor"	"5.549103987529946E-4"
"upses"	"5.549103987529946E-4"
"#teamfollowback"	"5.549103987529946E-4"
"wash_up"	"5.549103987529946E-4"
"incluy"	"5.549103987529946E-4"
"stallion"	"5.549103987529946E-4"
"otro"	"5.549103987529946E-4"
"manti"	"5.549103987529946E-4"
"red_alers"	"5.549103987529946E-4"
"conacast"	"5.549103987529946E-4"
"cóm"	"5.549103987529946E-4"
"phl"	"5.549103987529946E-4"
"walker"	"5.549103987529946E-4"
"d:"	"5.549103987529946E-4"
"legal_right"	"5.549103987529946E-4"
"#crash"	"5.549103987529946E-4"
"debid"	"5.549103987529946E-4"
"ascens"	"5.549103987529946E-4"
"high_wind"	"5.549103987529946E-4"
"6am"	"5.549103987529946E-4"
"submerg"	"5.549103987529946E-4"
"today:"	"5.549103987529946E-4"
"wal-mart"	"5.549103987529946E-4"
"disapprov"	"5.549103987529946E-4"
"frequency_spectr"	"5.549103987529946E-4"
"#newbedon"	"5.549103987529946E-4"
"compatriot"	"5.549103987529946E-4"
"impl"	"5.549103987529946E-4"
"@702sydne"	"5.549103987529946E-4"
"impactant"	"5.549103987529946E-4"
"idiot"	"5.549103987529946E-4"
"deceas"	"5.549103987529946E-4"
"@globovis"	"5.549103987529946E-4"
"burn_down"	"5.549103987529946E-4"
"alg"	"5.549103987529946E-4"
"student"	"5.549103987529946E-4"
"fire_eng"	"5.549103987529946E-4"
"powerl"	"5.549103987529946E-4"
"uncontain"	"5.549103987529946E-4"
"@sancheezyrican"	"5.549103987529946E-4"
"@ancalers"	"5.549103987529946E-4"
"british_archaeological_trust"	"5.549103987529946E-4"
"chius"	"5.549103987529946E-4"
"9º"	"5.549103987529946E-4"
"ipswich"	"5.549103987529946E-4"
"83km"	"5.549103987529946E-4"
"northwestern"	"5.549103987529946E-4"
"strike:"	"5.549103987529946E-4"
"shut_down"	"5.549103987529946E-4"
"190"	"5.549103987529946E-4"
"dava"	"5.549103987529946E-4"
"say:"	"5.549103987529946E-4"
"hit_on"	"5.549103987529946E-4"
"digital_computer"	"5.549103987529946E-4"
"unbelief"	"5.549103987529946E-4"
"television_new"	"5.549103987529946E-4"
"garment-factor"	"5.549103987529946E-4"
"2013_california_wildfire_season"	"5.549103987529946E-4"
"flees"	"5.549103987529946E-4"
"alp"	"5.549103987529946E-4"
"kirst"	"5.549103987529946E-4"
"8:42am"	"5.549103987529946E-4"
"звезду"	"5.549103987529946E-4"
"pacific_tsunami_warning_center"	"5.549103987529946E-4"
"terremoto:"	"5.549103987529946E-4"
"electrical_breakdown"	"5.549103987529946E-4"
"romant"	"5.549103987529946E-4"
"almen"	"5.549103987529946E-4"
"pc"	"5.549103987529946E-4"
"commissioner"	"5.549103987529946E-4"
"hero"	"5.549103987529946E-4"
"gympi"	"5.549103987529946E-4"
"boy_band"	"5.549103987529946E-4"
"electrostatic_discharg"	"5.549103987529946E-4"
"magic:_the_gather"	"5.549103987529946E-4"
"#queensland"	"5.549103987529946E-4"
"updates:"	"5.549103987529946E-4"
"sicyo"	"5.549103987529946E-4"
"void_"	"5.549103987529946E-4"
"метеорит"	"5.549103987529946E-4"
"любимой"	"5.549103987529946E-4"
"veterans_da"	"5.549103987529946E-4"
"какой"	"5.549103987529946E-4"
"usgs:"	"5.549103987529946E-4"
"@rescueph"	"5.549103987529946E-4"
"8:42"	"5.549103987529946E-4"
"associated_pres"	"5.549103987529946E-4"
"sufrir"	"5.549103987529946E-4"
"conceptual"	"5.549103987529946E-4"
"pacific"	"5.549103987529946E-4"
"let_g"	"5.549103987529946E-4"
"strongman"	"5.549103987529946E-4"
"levantan"	"5.549103987529946E-4"
"assail"	"5.549103987529946E-4"
"tv_st"	"5.549103987529946E-4"
"flagstaff"	"5.549103987529946E-4"
"231"	"5.549103987529946E-4"
"news]"	"5.549103987529946E-4"
"sunlight"	"5.549103987529946E-4"
