"NumberOfHashTag"	"0.10239334449456594"
"cost"	"0.0586540110488033"
"ric"	"0.04551136675929923"
"NumberOfNouns"	"0.04465629677732608"
"atlantic_ocean"	"0.03875078522475173"
"caribbean_se"	"0.03772862448199621"
"costa_ric"	"0.037248477069775965"
"central_american_countr"	"0.036056223603998294"
"panam"	"0.0356934813095926"
"collaps"	"0.033391635505355066"
"terremot"	"0.031677407182181816"
"fir"	"0.02658065976721402"
"TweetLength"	"0.02638136889584508"
"7"	"0.026052667555226283"
"#earthquak"	"0.02524613592210867"
"structural_integrity_and_failur"	"0.024381871238673858"
"inform"	"0.023926483436865875"
"coast"	"0.023776533289020074"
"wealth"	"0.022746610062501005"
"financial_condit"	"0.022746610062501005"
"NumberOfVerbs"	"0.022633820288051942"
"#redoctober"	"0.02240353452435684"
"event_"	"0.021203321889761262"
"build"	"0.021053666362610413"
"shor"	"0.020928431375308643"
"NumberOfWords"	"0.020870021348108447"
"phenomenon"	"0.01985426411410962"
"anatomical_structur"	"0.01976499554682598"
"natural_disaster"	"0.01937448199030578"
"failur"	"0.018433210458383198"
"percept"	"0.017977305349642814"
"economic_system"	"0.017739152033900196"
"econom"	"0.017697121783848968"
"flood"	"0.01718913526069421"
"geological_phenomenon"	"0.01692710387131069"
"philosoph"	"0.016796192168550883"
"water"	"0.01641767491302626"
"tsunami_warning_system"	"0.016278095494325573"
"countr"	"0.016167893200122907"
"nat"	"0.015968286574343238"
"capit"	"0.01592838981482414"
"tol"	"0.015316568965400124"
"rt"	"0.015221056013621892"
"#bangladesh"	"0.013556280338042015"
"hydrolog"	"0.013092772308375245"
"#colorad"	"0.013012631554671028"
"industrial_pl"	"0.01288942155262296"
"rain"	"0.012742902051224081"
"fe"	"0.012068107850981002"
"disaster"	"0.012001987504101863"
"conflagr"	"0.011987036596350364"
"factor"	"0.011911963588462582"
"hit"	"0.011821583577374839"
"australian_st"	"0.011821583577374839"
"industrial_architectur"	"0.011460091349490775"
"hap"	"0.011404902271541784"
"injur"	"0.011168034772722879"
"river"	"0.01092579907452118"
"death_tol"	"0.01071573417459648"
"victim"	"0.010625904858017066"
"wildfir"	"0.010423036214898485"
"warn"	"0.010379301289667908"
"process_"	"0.009227458268644684"
"landform"	"0.00912955824529349"
"tsunam"	"0.009108313572407822"
"wav"	"0.008675800263668432"
"affect"	"0.008287448885583637"
"quak"	"0.008242612238059555"
"pennsylvania_railroad"	"0.008051207731138321"
"southern_pacific_transportation_compan"	"0.008051207731138321"
"_rock_island_and_pacific_railroad"	"0.008051207731138321"
"californ"	"0.008051207731138321"
"9"	"0.008020352180912682"
"sand"	"0.00780134712460645"
"propers"	"0.007795462811544307"
"chang"	"0.007791129122539209"
"tra"	"0.007729984310876237"
"sism"	"0.007675941530689401"
"minor_planet"	"0.007582922934832315"
"estraterrestrial_bod"	"0.00752861343177047"
"energ"	"0.00746551762040315"
"new_south_wal"	"0.007340327960333126"
"cover"	"0.007332428349852593"
"earthquak"	"0.007172638062518444"
"geolog"	"0.007157733030780711"
"combust"	"0.007150932720064063"
"guatemal"	"0.007010315567436698"
"#pabl"	"0.007009891707156268"
"NumberOfPronouns"	"0.0069979275762698245"
"chicag"	"0.006991304329471704"
"oxid"	"0.006976240967070835"
"meteor"	"0.006892598885675172"
"bus"	"0.0068490032161528935"
"strong"	"0.006840760805263524"
"alers"	"0.006763643174206857"
"geophys"	"0.0067499397873990175"
"2010_haiti_earthquak"	"0.0067499397873990175"
"oscil"	"0.006735692380644642"
"death"	"0.006702120062098471"
"rus"	"0.006677701742507147"
"astronom"	"0.006677670213767972"
"comput"	"0.006613436158028563"
"settl"	"0.006576198290792923"
"time_zon"	"0.006476568489901857"
"en"	"0.006446444687432162"
"#nswfir"	"0.006438133885791841"
"geograph"	"0.006390128573764864"
"queensland"	"0.006344987425963011"
"dead"	"0.0063257169692032544"
"unfortun"	"0.006244317477053785"
"inf"	"0.006131217944798206"
"greenwich_mean_tim"	"0.00612368652200479"
"prayer"	"0.006050593614201016"
"mater"	"0.006016835856584635"
"social_group"	"0.00599559282982709"
"cre"	"0.005991322664205989"
"evacu"	"0.005924020779299877"
"gmt"	"0.005850394231175393"
"time_standard"	"0.00583522153119731"
"mov"	"0.005791040741338849"
"laugh"	"0.005680595233254371"
"ris"	"0.005676942632384607"
"strik"	"0.005591572933495326"
"broadcast"	"0.005478154095415855"
"impel"	"0.005456302608376373"
"upd"	"0.005426665546176879"
"september"	"0.0053356095586399865"
"cris"	"0.005281400653840973"
"biolog"	"0.005251179099833414"
"glasgow"	"0.005241256678677586"
"composit"	"0.00519134084820605"
"fuers"	"0.005110391668605163"
"#russianmeteor"	"0.005072177149055279"
"explos"	"0.0050175954818217905"
"austral"	"0.0049582760964185235"
"shoot"	"0.004948511897766794"
"2012"	"0.004935496185262012"
"mathemat"	"0.004885945032087391"
"forc"	"0.004877714719146886"
"cyclon"	"0.004806785659708934"
"grado"	"0.004804489237928755"
"typhoon"	"0.004731781327197204"
"typhoon_boph"	"0.0046937649298575135"
"qld"	"0.004646462562356457"
"afghanistan"	"0.004563980517871102"
"#m√©xic"	"0.004563980517871102"
"„Äê#usg"	"0.004495696624036594"
"diplom"	"0.0044930332561163855"
"misfortun"	"0.004477625450782008"
"hurrican"	"0.004477625450782008"
"terminolog"	"0.004465337965582128"
"risk"	"0.00446260863904846"
"peopl"	"0.004447984298831531"
"rescuer"	"0.004436646863358318"
"weather"	"0.004380624396852606"
"emerg"	"0.0043790269895170875"
"report"	"0.0043544388978742354"
"los_angel"	"0.004349472665514442"
"#prayfromjapan"	"0.004327564109285698"
"collapse:"	"0.004324989974668236"
"secular_st"	"0.004223693238840975"
"#mus"	"0.004211836007573022"
"#Âú∞Èúá"	"0.004211836007573022"
"hurt"	"0.004186160137945039"
"#jishin"	"0.00415974793861662"
"ap_"	"0.004157263005756029"
"thermodynam"	"0.004128743751272479"
"princ"	"0.004035830840800281"
"shooter"	"0.004033792160708205"
"volunteer"	"0.003989871060028127"
"textile_industr"	"0.0038856830714379953"
"richter"	"0.0038856830714379953"
"singer"	"0.0038671978028032017"
"faith"	"0.0038669610062473936"
"thos"	"0.003862334351216745"
"000"	"0.003862334351216745"
"matter"	"0.0038610869079013233"
"#losangel"	"0.0038598703681055335"
"#guatemal"	"0.0038117953922409686"
"materi"	"0.0038091903771994007"
"rechtsstaat"	"0.003728651788909798"
"textile_mil"	"0.0037255714557276054"
"swed"	"0.0037249514996019473"
"higher_cognitive_proces"	"0.003717102370767389"
"art"	"0.0036952609739999698"
"#sism"	"0.0036952609739999698"
"destro"	"0.0036851351796979293"
"#l"	"0.003683954565885661"
"volum"	"0.0036724753389635323"
"islamic_republ"	"0.0036583949397792637"
"entertainm"	"0.0036467274691811546"
"pra"	"0.0036240220871265327"
"chemister"	"0.0036106485268871946"
"news_ag"	"0.003575554227829403"
"phys"	"0.003572368610676002"
"worship"	"0.0035559537112652695"
"#highparkfir"	"0.0035254554545280925"
"laborer"	"0.0035254554545280925"
"discharg"	"0.003524017551286285"
"hous"	"0.0035232578391287683"
"#banglaspr"	"0.0035080834105576386"
"#bestrapper"	"0.0035080834105576386"
"involut"	"0.00350631158114445"
"sci"	"0.0034511832713244317"
"suspect"	"0.003434874215784145"
"gift"	"0.0034347344703641314"
"chin"	"0.003409403806685418"
"pub"	"0.0034070963715953084"
"update:"	"0.003402771247048131"
"hundred"	"0.003402771247048131"
"hundreds_"	"0.003402771247048131"
"alter"	"0.003361108312603611"
"landlocked_countr"	"0.003357936023572483"
"0"	"0.003357936023572483"
"garm"	"0.0033553855042092184"
"polic"	"0.0033383828155364448"
"gam"	"0.003322395348490992"
"int"	"0.003310951653828109"
"ou_nederlandse_maandnam"	"0.003294404869072398"
"ha"	"0.0032810173020249023"
"sacrific"	"0.0032488080445597367"
"commun"	"0.003235269610080138"
"dam"	"0.003187204259129661"
"#alert„Äë"	"0.003160700963102836"
"hah"	"0.003160700963102836"
"land"	"0.003121019234951672"
"nsw"	"0.003098743092129763"
"@"	"0.003093553404192373"
"consumer_good"	"0.0030740572914287334"
"gregorian_calendar_month"	"0.0030692588112108954"
"everyon"	"0.0030663839898172895"
"month"	"0.0030312410758366326"
"hom"	"0.003022724058141746"
"thought"	"0.0030035879322740655"
"member_state_of_the_union_of_south_american_n"	"0.0029938986826879566"
"sacud"	"0.0029938986826879566"
"city_"	"0.0029807375903375677"
"las_veg"	"0.0029807375903375677"
"#saiga"	"0.0029807375903375677"
"king"	"0.0029807375903375677"
"marbl"	"0.0029792323297175294"
"2013_glasgow_helicopter_crash"	"0.0029792323297175294"
"atmospheric_phenomenon"	"0.0029684186916546507"
"abod"	"0.0029552407912467604"
"graduated_t"	"0.0029479949769096736"
"caribbean"	"0.002940365560244018"
"islam"	"0.0029363894351754904"
"auditory_communic"	"0.0029363894351754904"
"intervallskal"	"0.002934349321900176"
"cities_of_japan"	"0.002934349321900176"
"richter_scal"	"0.002934349321900176"
"ordinalskal"	"0.002934349321900176"
"aid"	"0.0029152082640840904"
"human"	"0.002875086414892536"
"reuter"	"0.002853277430819423"
"port"	"0.0028438365870265825"
"el_salvador"	"0.0028375830589808526"
"vide"	"0.002829006685819868"
"low_explos"	"0.0028238719738623574"
"lov"	"0.002822651419028377"
"law_enforcement_ag"	"0.0028185180948937516"
"#initialsofsomeonespec"	"0.0028050447870976436"
"lap"	"0.0028050447870976436"
"#se"	"0.0028050447870976436"
"human_sexu"	"0.0028050447870976436"
"blu"	"0.0028036283202033108"
"sever"	"0.0028036283202033108"
"laughter"	"0.002780233222989925"
"celestial_ev"	"0.0027782821540919267"
"savar"	"0.0027782821540919267"
"drinking_establishm"	"0.002746001802947151"
"delug"	"0.0027093608916076706"
"magnitud"	"0.002703732177334328"
"recre"	"0.0026958699974651834"
"touch"	"0.0026930190380841657"
"united_kingdom"	"0.0026750081767845657"
"the_game_"	"0.0026675575257305573"
"mind_gam"	"0.0026675575257305573"
"rica:"	"0.0026658739929443787"
"#shahbag"	"0.002651354417730567"
"wikimedia_project"	"0.002629396513105231"
"#sf"	"0.002629396513105231"
"#blog"	"0.002629396513105231"
"dog_typ"	"0.002629396513105231"
"internet_encycloped"	"0.002629396513105231"
"heterarch"	"0.002629396513105231"
"encycloped"	"0.002629396513105231"
"cuff"	"0.002629396513105231"
"california:"	"0.002629396513105231"
"#turnup"	"0.002629396513105231"
"destroy"	"0.0026280688087043647"
"trap"	"0.0026280688087043647"
"temblor"	"0.002623069126939659"
"lol"	"0.0026138831526467676"
"accolad"	"0.002611483170584017"
"civil_servic"	"0.0026093585858177892"
"de"	"0.0025971100048894913"
"demonstr"	"0.002568675129343334"
"#west"	"0.0025034640531389485"
"girl"	"0.0025034640531389485"
"devast"	"0.002502803494894512"
"#waldocanyonfir"	"0.002502803494894512"
"amount"	"0.0025015122983268467"
"group"	"0.0024980771423150916"
"qualif"	"0.002478186317563136"
"describ"	"0.002478186317563136"
"tavern"	"0.0024687792580900814"
"statutory_author"	"0.0024687792580900814"
"aerosol"	"0.0024603447137148127"
"#sm"	"0.0024537927449005403"
"royalt"	"0.0024537927449005403"
"#cal"	"0.0024537927449005403"
"#bayare"	"0.0024537927449005403"
"#oakland"	"0.0024537927449005403"
"cali_"	"0.0024537927449005403"
"search_engine_optim"	"0.0024537927449005403"
"#wp"	"0.0024537927449005403"
"#oc"	"0.0024537927449005403"
"mp3_blog"	"0.0024537927449005403"
"region:"	"0.0024537927449005403"
"#veg"	"0.0024537927449005403"
"@nswrfs:"	"0.0024525537717849932"
"floods:"	"0.0024525537717849932"
"behavior"	"0.002439319885314317"
"mor"	"0.0024116905486597506"
"#temblorcr"	"0.0024005841242014103"
"earth"	"0.002385991296387502"
"god"	"0.002367738407003661"
"tournam"	"0.002341948306210373"
"#savebangladesh"	"0.002341948306210373"
"new_jerse"	"0.002341948306210373"
"follower"	"0.002341948306210373"
"bushfires_in_austral"	"0.0023404425172376397"
"ar"	"0.0023302177003646785"
"binary_compound"	"0.002324270082922686"
"ingredi"	"0.002324270082922686"
"express_emot"	"0.002317174923431864"
"enlisted_person"	"0.002317174923431864"
"rav"	"0.00231549079930915"
"new_south_wales_rural_fire_servic"	"0.00231549079930915"
"cros"	"0.00231549079930915"
"quant"	"0.0023008495523832995"
"don"	"0.0022828633233401563"
"Êé®ÂÆö"	"0.0022782334590272235"
"#worldser"	"0.0022782334590272235"
"@breakingnews:"	"0.00227708318600528"
"destruc"	"0.00227708318600528"
"http:/"	"0.00227708318600528"
"cluth"	"0.00227708318600528"
"#bushfir"	"0.00227708318600528"
"athles"	"0.0022485993255797476"
"#helicopter"	"0.002243055037724484"
"_"	"0.002243055037724484"
"sta"	"0.002241012770892281"
"#costaric"	"0.002234814302125021"
"industr"	"0.0022328101573276804"
"express√£o_idiom√°tic"	"0.0022176712534490717"
"tim"	"0.0022128121077658047"
"municip"	"0.0022088941110177673"
"remain"	"0.002202877114155233"
"bear_on"	"0.002202877114155233"
"danger"	"0.0021997065744970845"
"technolog"	"0.0021974805480902138"
"alluvion"	"0.0021788650293654843"
"stil"	"0.0021658759508429437"
"chemical_subst"	"0.002153330823477906"
"[Ë©≥Á¥∞]"	"0.002102718632054912"
"‚ñ†‚ñ†Á∑äÊÄ•Âú∞ÈúáÈÄüÂ†±"	"0.002102718632054912"
"paul_the_apostl"	"0.002102718632054912"
"‚ñ†‚ñ†"	"0.002102718632054912"
"@zishin3255:"	"0.002102718632054912"
"#cardinaln"	"0.002102718632054912"
"change_integr"	"0.002101657027960613"
"multipl"	"0.002101657027960613"
"vowel_break"	"0.002101657027960613"
"@ap:"	"0.002101657027960613"
"region_of_the_philip"	"0.002101657027960613"
"academic_degre"	"0.00209712357887315"
"sequ"	"0.00209712357887315"
"defender"	"0.00209712357887315"
"#quak"	"0.002088388542547004"
"firefighter"	"0.002086345556851943"
"spectral_color"	"0.002084762119029082"
"civil_serv"	"0.0020775568026853986"
"rescu"	"0.0020775568026853986"
"il"	"0.002036995696058974"
"produc"	"0.0020269641801478055"
"break"	"0.0020244680584633468"
"vi"	"0.0020226174638104943"
"fad"	"0.0020194862563825966"
"#earthquake:"	"0.0020194862563825966"
"#job"	"0.0020194862563825966"
"approach"	"0.002018158086117161"
"sacudi√≥"	"0.002018158086117161"
"sedim"	"0.002018158086117161"
"legal_term"	"0.002018158086117161"
"countries_of_the_united_kingdom"	"0.002018158086117161"
"bbc"	"0.0020122880631616713"
"indones"	"0.002009612310706843"
"por"	"0.001989613275309554"
"#lac"	"0.001986343313986505"
"fil"	"0.001982176788223655"
"episcop"	"0.001976957071312402"
"ufficio_"	"0.0019750930504838227"
"dirit"	"0.0019750930504838227"
"pla"	"0.0019716982363732205"
"bel"	"0.0019691122769015523"
"latest"	"0.001958689284061621"
"http://t"	"0.0019545080581204743"
"shak"	"0.001953781477837868"
"wak"	"0.001953781477837868"
"playoff"	"0.0019272482405732205"
"mb"	"0.0019272482405732205"
"pakistan"	"0.0019272482405732205"
"group_11_el"	"0.0019272482405732205"
"#cardin"	"0.0019272482405732205"
"region_of_papua_new_guine"	"0.0019272482405732205"
"131106"	"0.0019272482405732205"
"#temblor‚ô®"	"0.0019272482405732205"
"@earthquake_jp:"	"0.0019272482405732205"
"islands_reg"	"0.0019272482405732205"
"2013_savar_building_collaps"	"0.0019262752742645883"
"regulation_of_interception_of_communications_and_provision_of_communication-related_information_act"	"0.0019262752742645883"
"unmak"	"0.0019262752742645883"
"_2002"	"0.0019262752742645883"
"area_unit"	"0.0019262752742645883"
"recoverer"	"0.0019262752742645883"
"@ap"	"0.0019262752742645883"
"rican"	"0.0019262752742645883"
"workplace_conflict"	"0.0019225023258199192"
"modif"	"0.0019225023258199192"
"job_act"	"0.0019225023258199192"
"survivor"	"0.0019225023258199192"
"displac"	"0.0018995183330067222"
"mad"	"0.0018922437492838728"
"pleas"	"0.0018802699260291877"
"pacific_ocean"	"0.0018717703859668644"
"found"	"0.0018648226929536271"
"da√±o"	"0.0018625942319068223"
"wikiped"	"0.00185966451648234"
"hahah"	"0.00185966451648234"
"thre"	"0.001858425108710371"
"red_cros"	"0.001858425108710371"
"police_avi"	"0.001858425108710371"
"yacht_club"	"0.001858425108710371"
"distribut"	"0.0018444972950213412"
"caus"	"0.00183470757325499"
"identif"	"0.0018316430619967905"
"power"	"0.0018293291483724161"
"request_tracker"	"0.001826416034231837"
"leav"	"0.001826416034231837"
"cloth"	"0.001823881602308286"
"3"	"0.0017849481012442991"
"ts"	"0.0017813240822348586"
"acros"	"0.0017813240822348586"
"statutory_corpor"	"0.0017813240822348586"
"saf"	"0.0017803962951079555"
"ec"	"0.0017803962951079555"
"stream"	"0.0017620805356367564"
"fal"	"0.0017620805356367564"
"burn"	"0.0017570692800706889"
"#12in13"	"0.0017518222611904166"
"#deprem"	"0.0017518222611904166"
"war_crim"	"0.0017518222611904166"
"_massachuses"	"0.0017518222611904166"
"bever"	"0.0017518222611904166"
"deprem"	"0.0017518222611904166"
"world_ser"	"0.0017518222611904166"
"@cardin"	"0.0017518222611904166"
"co/exjb4v0rbx"	"0.0017518222611904166"
"#breaking:"	"0.0017509379015416826"
"greek_cros"	"0.0017509379015416826"
"scotland"	"0.0017509379015416826"
"@nswrf"	"0.0017509379015416826"
"r√©plic"	"0.0017509379015416826"
"immedi"	"0.0017509379015416826"
"cinema_of_the_united_st"	"0.0017373741894094463"
"member_state_of_the_united_n"	"0.0017358112131758974"
"metropol"	"0.001733399725675211"
"alask"	"0.0017233759021885175"
"6"	"0.0017192935242026364"
"pabl"	"0.0017156296906520874"
"constituent_countr"	"0.0017143488423522202"
"confirm"	"0.0017112422334027988"
"clutha_"	"0.0017112422334027988"
"cardin"	"0.0017101693896658388"
"inexperienced_person"	"0.001700940940010831"
"casualt"	"0.0016997902635241813"
"sardegn"	"0.0016997902635241813"
"rubbl"	"0.0016997902635241813"
"connect"	"0.0016997902635241813"
"500"	"0.0016997902635241813"
"-"	"0.0016769604604105481"
"analog_sign"	"0.0016725495687980318"
"sad"	"0.0016725495687980318"
"communic"	"0.00166998488718606"
"#pabloph"	"0.001660950423658769"
"clos"	"0.001660950423658769"
"definite_integr"	"0.001660950423658769"
"sydne"	"0.001647071602055128"
"chemical_compound"	"0.001645789522232488"
"competit"	"0.0016432559421223347"
"shahbag"	"0.0016432559421223347"
"#nswrf"	"0.001641837982894856"
"100"	"0.001641837982894856"
"author"	"0.0016109322597601672"
"transportation_security_administer"	"0.0016047888572763291"
"resident"	"0.0016047888572763291"
"harm"	"0.0016047888572763291"
"boph"	"0.0016047888572763291"
"concept"	"0.001600345802217018"
"kind"	"0.0015944657736325363"
"utc"	"0.0015902178123959887"
"‚Äî"	"0.0015859842378930233"
"recov"	"0.0015859842378930233"
"baseball_team"	"0.001576440670529089"
"#siegedhak"	"0.001576440670529089"
"mixtap"	"0.001576440670529089"
"magnitude¬†¬†mb"	"0.001576440670529089"
"#lca2013"	"0.001576440670529089"
"ko"	"0.001576440670529089"
"united_states_armed_forc"	"0.001576440670529089"
"flood_warn"	"0.0015756448864386874"
"300"	"0.0015756448864386874"
"canton_of_costa_ric"	"0.0015756448864386874"
"floods_in_austral"	"0.0015756448864386874"
"benefact"	"0.0015756448864386874"
"british_imperial_system"	"0.0015756448864386874"
"evacue"	"0.0015756448864386874"
"magnitude-7"	"0.0015756448864386874"
"backwash"	"0.0015756448864386874"
"hydrographic_and_oceanographic_service_of_the_chilean_nav"	"0.0015756448864386874"
"6-magnitud"	"0.0015756448864386874"
"ural"	"0.0015756448864386874"
"hub"	"0.0015756448864386874"
"avail"	"0.0015756448864386874"
"#cebu"	"0.00156895278496183"
"alluv"	"0.001567712942234123"
"go_out"	"0.001567712942234123"
"meteor_shower"	"0.001567712942234123"
"grad"	"0.001567712942234123"
"channel"	"0.0015650353721062826"
"muslim"	"0.0015434663880220523"
"seg√∫n"	"0.001542404411629117"
"rib"	"0.001542404411629117"
"par"	"0.0015418701170678561"
"cit"	"0.0015386795906884299"
"south_american_countr"	"0.0015138310570643743"
"condit"	"0.0015128752967606962"
"ther"	"0.0015128752967606962"
"kil"	"0.0015070927788158883"
"valle"	"0.0015042097512861785"
"island"	"0.0015003091895923193"
"primary_color"	"0.0014938304872121888"
"electronic_med"	"0.0014938304872121888"
"profes"	"0.0014900401831932086"
"measure_"	"0.001489018128668529"
"5"	"0.0014794203777166448"
"ideolog"	"0.001475591099167839"
"shower"	"0.001474172641793392"
"muerto"	"0.001474172641793392"
"physical_quant"	"0.0014681950022710222"
"transcontinental_countr"	"0.0014655742908887825"
"#new"	"0.0014655742908887825"
"great_power"	"0.0014655742908887825"
"child"	"0.0014354267741402138"
"labour"	"0.0014345143630126733"
"job"	"0.0014345143630126733"
"actu"	"0.0014345143630126733"
"natural_langu"	"0.0014331062817628526"
"come_about"	"0.0014277492833413286"
"con"	"0.0014267878122841138"
"virgin"	"0.0014240281113273578"
"whit"	"0.0014240281113273578"
"monothe"	"0.0014240281113273578"
"bird"	"0.0014240281113273578"
"structur"	"0.0014239968974718575"
"400"	"0.0014228770310932282"
"news:"	"0.0014228770310932282"
"acoustic_wav"	"0.0014080123032205183"
"tourist_attract"	"0.0014080123032205183"
"#boulderflood"	"0.0014072797281144966"
"loc"	"0.0014066475507175102"
"traged"	"0.0014055022827135222"
"Ê∑±„Åï10km"	"0.0014011034452376947"
"ÊúÄÂ§ßÈúáÂ∫¶"	"0.0014011034452376947"
"@td_deportes:"	"0.0014011034452376947"
"#breaking„Äë"	"0.0014011034452376947"
"alaska:"	"0.0014011034452376947"
"#pakistan"	"0.0014011034452376947"
"naman"	"0.0014011034452376947"
"decision_mak"	"0.0014011034452376947"
"bachelor"	"0.0014011034452376947"
"pearl_jam_album"	"0.0014011034452376947"
"billionair"	"0.0014011034452376947"
"service_on_internet"	"0.0014011034452376947"
"go=&gt"	"0.0014011034452376947"
"forest_fir"	"0.0014003962056314823"
"meteorite_fal"	"0.0014003962056314823"
"central_rus"	"0.0014003962056314823"
"@stcom:"	"0.0014003962056314823"
"evacuee"	"0.0014003962056314823"
"bno_new"	"0.0014003962056314823"
"appris"	"0.0014003962056314823"
"fire:"	"0.0014003962056314823"
"allevi"	"0.0014003962056314823"
"explosion_"	"0.0014003962056314823"
"#nsw"	"0.0014003962056314823"
"bles"	"0.0014003962056314823"
"carib"	"0.0014003962056314823"
"per√∫"	"0.0014003962056314823"
"basic_train"	"0.0014003962056314823"
"chelyabinsk_meteor"	"0.0013932841523052186"
"near-earth_aster"	"0.0013932841523052186"
"slavic_langu"	"0.0013926131461241553"
"voluntary_act"	"0.0013874266655958811"
"san_francisco_bay_are"	"0.0013874266655958811"
"#cd"	"0.0013874266655958811"
"#pasthour"	"0.0013874266655958811"
"apostl"	"0.0013874266655958811"
"southern_californ"	"0.0013874266655958811"
"central_californ"	"0.0013874266655958811"
"anti-social_behaviour"	"0.0013874266655958811"
"megaregions_of_the_united_st"	"0.0013874266655958811"
"mission"	"0.0013874266655958811"
"card"	"0.0013874266655958811"
"black"	"0.0013874266655958811"
"body_of_chr"	"0.0013874266655958811"
"transgres"	"0.0013874266655958811"
"@tobeymonster"	"0.0013864533581323668"
"pac√≠fic"	"0.0013864533581323668"
"aw"	"0.0013864533581323668"
"roof"	"0.0013864533581323668"
"explod"	"0.0013864533581323668"
"http:"	"0.0013864533581323668"
"object"	"0.0013726570889144307"
"costa_rican"	"0.0013686315081335998"
"misadventur"	"0.0013686315081335998"
"central_american"	"0.0013686315081335998"
"spring"	"0.0013641767148162565"
"rt_"	"0.0013549398446797145"
"fun"	"0.0013488218372138538"
"fu"	"0.0013473134009198695"
"shot"	"0.0013473134009198695"
"plumbing_fixtur"	"0.0013457061366121126"
"change_of_integr"	"0.0013457061366121126"
"dominion"	"0.0013453138768647621"
"philip"	"0.0013444799833837173"
"encounter"	"0.0013444799833837173"
"aec_regent_iii_rt"	"0.0013419721955999497"
"mental_proces"	"0.0013354999934701572"
"imag"	"0.0013258547528754994"
"ges"	"0.001323004076352885"
"issue_tracking_system"	"0.0013132664830995955"
"compan"	"0.0013054693568816944"
"singer-songwriter"	"0.0013007103992584979"
"support"	"0.001300571009751783"
"heavenly_bod"	"0.0012990221240939404"
"gold"	"0.0012811310689480049"
"afric"	"0.0012811310689480049"
"middle_school"	"0.001280068719997307"
"crash"	"0.0012780276767149212"
"solis"	"0.001272389878993807"
"natural_person"	"0.001272389878993807"
"social_st"	"0.001257630757220074"
"reflec"	"0.00125091422267809"
"bar"	"0.0012494052558005286"
"mot"	"0.0012472760783476255"
"system"	"0.0012431092736514548"
"#allertameteosar"	"0.0012353277063311685"
"independent_ag"	"0.0012353277063311685"
"bush"	"0.0012353277063311685"
"usg"	"0.0012353277063311685"
"inclus"	"0.0012353277063311685"
"breaking:"	"0.0012353277063311685"
"reform"	"0.001233054228652719"
"bequest"	"0.001233054228652719"
"abov"	"0.0012321695589729842"
"trag"	"0.0012321695589729842"
"compens"	"0.0012321695589729842"
"worst"	"0.0012321695589729842"
"plane_figur"	"0.0012321695589729842"
"bangladesh"	"0.0012316636871841924"
"resourc"	"0.0012313688918447196"
"fak"	"0.0012258105619813442"
"troop"	"0.0012258105619813442"
"wag"	"0.0012258105619813442"
"norte_reg"	"0.0012258105619813442"
"birthda"	"0.0012258105619813442"
"click"	"0.0012258105619813442"
"ÈúáÊ∫êÂú∞"	"0.0012258105619813442"
"building_mater"	"0.0012258105619813442"
"southeast_alask"	"0.0012258105619813442"
"royal_and_noble_rank"	"0.0012258105619813442"
"#revolut"	"0.0012258105619813442"
"argentin"	"0.0012258105619813442"
"package_"	"0.0012258105619813442"
"#myanmar"	"0.0012258105619813442"
"northern_californ"	"0.0012258105619813442"
"#sk"	"0.0012258105619813442"
"package_management_system"	"0.0012258105619813442"
"coutur"	"0.0012258105619813442"
"aggres"	"0.0012258105619813442"
"#syr"	"0.0012258105619813442"
"#hasin"	"0.0012258105619813442"
"#hondur"	"0.0012258105619813442"
"_alask"	"0.0012258105619813442"
"zambezi_reg"	"0.0012258105619813442"
"world_wide_web"	"0.0012258105619813442"
"indepens"	"0.0012258105619813442"
"xd"	"0.0012258105619813442"
"@nswfire:"	"0.0012251918357960578"
"@reuters:"	"0.0012251918357960578"
"pagas"	"0.0012251918357960578"
"inund"	"0.0012251918357960578"
"chilean"	"0.0012251918357960578"
"magnetic_dip"	"0.0012251918357960578"
"newsfeed"	"0.0012251918357960578"
"news_confer"	"0.0012251918357960578"
"chilen"	"0.0012251918357960578"
"rins"	"0.0012251918357960578"
"im√°gen"	"0.0012251918357960578"
"39"	"0.0012251918357960578"
"imper"	"0.0012251918357960578"
"@newearthquake:"	"0.0012251918357960578"
"squeez"	"0.0012251918357960578"
"@7newsbrisbane:"	"0.0012251918357960578"
"forest"	"0.0012251918357960578"
"state_of_matter"	"0.0012251918357960578"
"flash_flood"	"0.0012251918357960578"
"confront"	"0.0012251918357960578"
"metro_manil"	"0.0012251918357960578"
"condol"	"0.0012251918357960578"
"waldo_canyon_fir"	"0.0012251918357960578"
"film"	"0.0012216656130472625"
"blast"	"0.001220309702536948"
"complejo_refinador_de_amua"	"0.0012195967040672384"
"liquid"	"0.0012158158829915777"
"direct"	"0.0011982395444686267"
"find"	"0.0011982395444686267"
"haz"	"0.0011947800074946224"
"flow"	"0.0011947800074946224"
"hop"	"0.001172629389719848"
"archipelag"	"0.0011671140510675082"
"savar_upazil"	"0.0011656045532336679"
"upazil"	"0.0011656045532336679"
"famil"	"0.0011656045532336679"
"heav"	"0.0011656045532336679"
"network"	"0.0011535358439852539"
"commonwealth_realm"	"0.0011437861618585066"
"bishop"	"0.0011410219771017527"
"ball_gam"	"0.0011405367086925189"
"political_ideolog"	"0.0011405367086925189"
"omg"	"0.0011405367086925189"
"#falcon"	"0.0011405367086925189"
"#mexic"	"0.0011405367086925189"
"rock"	"0.0011400280370968963"
"male_d"	"0.0011396020231950743"
"god_"	"0.0011396020231950743"
"subsister"	"0.0011395630598373119"
"wors"	"0.0011395630598373119"
"agent"	"0.0011395630598373119"
"crew"	"0.0011395630598373119"
"richter_"	"0.0011395630598373119"
"mak"	"0.0011286950788488292"
"ap"	"0.0011265621763933975"
"state_capit"	"0.001108554160343278"
"humour"	"0.0011056255600915277"
"depth:"	"0.0011056255600915277"
"govt"	"0.0011056255600915277"
"#prayfortic"	"0.0011045628383187234"
"categor"	"0.0011036463748906877"
"video:"	"0.0011024052254559047"
"center"	"0.0011024052254559047"
"scar"	"0.0010960840605607203"
"migr"	"0.0010960840605607203"
"go_on"	"0.0010960840605607203"
"boston_marathon_bomb"	"0.0010960840605607203"
"amua"	"0.0010922362344955028"
"soldi"	"0.0010806452487028828"
"cities_and_metropolitan_areas_of_the_united_st"	"0.0010806452487028828"
"partid"	"0.0010806452487028828"
"mund"	"0.0010806452487028828"
"revolut"	"0.0010806452487028828"
"syr"	"0.0010806452487028828"
"#c"	"0.0010806452487028828"
"throw"	"0.0010806452487028828"
"protester"	"0.0010806452487028828"
"compes"	"0.0010806452487028828"
"fox_news_channel"	"0.0010798491856830461"
"pounds_per_square_inch"	"0.0010798491856830461"
"confin"	"0.0010798491856830461"
"wreck"	"0.0010798491856830461"
"bundaberg"	"0.0010798491856830461"
"atroc"	"0.0010798491856830461"
"200"	"0.0010798491856830461"
"day"	"0.0010691868789269865"
"wound"	"0.0010660606100300063"
"remov"	"0.0010613124451117617"
"chemical_react"	"0.0010584129589178426"
"music_artist_"	"0.0010505619974433555"
"#denver"	"0.0010505619974433555"
"terrorist_attack"	"0.0010505619974433555"
"independenc"	"0.0010505619974433555"
"winner"	"0.0010505619974433555"
"Á¨¨1Â†±"	"0.0010505619974433555"
"#ind"	"0.0010505619974433555"
"::"	"0.0010505619974433555"
"#islam"	"0.0010505619974433555"
"entertain"	"0.0010505619974433555"
"mineral_resourc"	"0.0010505619974433555"
"#fam"	"0.0010505619974433555"
"#stlcard"	"0.0010505619974433555"
"aircraft_hijack"	"0.0010505619974433555"
"suicide_bomb"	"0.0010505619974433555"
"load"	"0.0010505619974433555"
"„Äê"	"0.0010505619974433555"
"magn"	"0.0010505619974433555"
"ÊúÄÁµÇÂ†±"	"0.0010505619974433555"
"libr"	"0.0010505619974433555"
"#blacknight"	"0.0010505619974433555"
"#anonym"	"0.0010505619974433555"
"#ÁÅΩÂÆ≥"	"0.0010505619974433555"
"genoc"	"0.0010505619974433555"
"sculptur"	"0.0010505619974433555"
"september_11"	"0.0010505619974433555"
"sil"	"0.0010505619974433555"
"@byers_brian:"	"0.0010505619974433555"
"suicide_bomber"	"0.0010505619974433555"
"persian_peopl"	"0.0010505619974433555"
"fertilizant"	"0.0010505619974433555"
"_louis_cardin"	"0.0010505619974433555"
"colpit"	"0.0010500317536471515"
"acr"	"0.0010500317536471515"
"#centroam√©ric"	"0.0010500317536471515"
"october_2007_california_wildfir"	"0.0010500317536471515"
"32"	"0.0010500317536471515"
"marco"	"0.0010500317536471515"
"guatemala:"	"0.0010500317536471515"
"blue_mountains_"	"0.0010500317536471515"
"irish_se"	"0.0010500317536471515"
"build_in"	"0.0010500317536471515"
"imprisonm"	"0.0010500317536471515"
"ignor"	"0.0010500317536471515"
"@deadmau5"	"0.0010500317536471515"
"rainfal"	"0.0010500317536471515"
"@612brisban"	"0.0010500317536471515"
"streak"	"0.0010500317536471515"
"escap"	"0.0010500317536471515"
"pin_down"	"0.0010500317536471515"
"alert:"	"0.0010500317536471515"
"fram"	"0.0010500317536471515"
"trigger"	"0.0010500317536471515"
"ecosystem"	"0.0010500317536471515"
"media_ev"	"0.0010500317536471515"
"@qpsmedia:"	"0.0010500317536471515"
"uno"	"0.0010500317536471515"
"2013_los_angeles_international_airport_shoot"	"0.0010500317536471515"
"800"	"0.0010500317536471515"
"arrang"	"0.0010500317536471515"
"high_school"	"0.0010500317536471515"
"incorpor"	"0.0010500317536471515"
"conjur"	"0.0010500317536471515"
"eastern_states_of_austral"	"0.0010500317536471515"
"hermano"	"0.0010500317536471515"
"advertenc"	"0.0010500317536471515"
"national_"	"0.0010500317536471515"
"local_area_network"	"0.0010500317536471515"
"occup"	"0.0010486034446330894"
"coordinated_universal_tim"	"0.0010337363624006723"
"liter"	"0.0010337363624006723"
"wind"	"0.0010275627906544127"
"geographical_featur"	"0.0010211656876807362"
"1"	"0.001016003282467648"
"national_capit"	"0.0010126324686606791"
"tw"	"0.0010119896276343798"
"continu"	"0.0010119896276343798"
"institut"	"0.001009090033667448"
"work_of_art"	"0.0010087790186015244"
"smok"	"0.001007206439957109"
"advis"	"0.001007206439957109"
"air"	"0.001004616506988798"
"exercis"	"0.0010025817201508858"
"authoritarian"	"0.0010025817201508858"
"#dhak"	"0.0010025817201508858"
"pressure_unit"	"0.0010016967402233234"
"2013_colorado_flood"	"0.0010016967402233234"
"invoc"	"0.0010016967402233234"
"withdraw"	"0.0010016967402233234"
"health"	"0.0010016967402233234"
"nas"	"0.0010016967402233234"
"unit_of_pressur"	"0.0010016967402233234"
"4"	"9.981794350668594E-4"
"refin"	"9.936026646085727E-4"
"particulate_matter"	"9.873153870679774E-4"
"fam"	"9.846547946242845E-4"
"television_st"	"9.815573758040763E-4"
"fruit"	"9.7762558397807E-4"
"team_sport"	"9.7762558397807E-4"
"impact"	"9.76651593490585E-4"
"nicaragu"	"9.76651593490585E-4"
"all_right"	"9.76651593490585E-4"
"celebr"	"9.765105000141272E-4"
"relief"	"9.754474051603124E-4"
"prob"	"9.754474051603124E-4"
"criter"	"9.754474051603124E-4"
"litig"	"9.754474051603124E-4"
"_new_south_wal"	"9.754474051603124E-4"
"valu"	"9.73006334135218E-4"
"city_with_millions_of_inhabit"	"9.665501893407757E-4"
"united_states_cable_new"	"9.633430592164149E-4"
"road"	"9.633430592164149E-4"
"#tsunam"	"9.632838508327746E-4"
"emot"	"9.457964483283732E-4"
"servic"	"9.409034392510174E-4"
"assist"	"9.40021882509301E-4"
"political_part"	"9.358025803732906E-4"
"highwa"	"9.343811267724655E-4"
"preserv"	"9.305852802555803E-4"
"anybod"	"9.305852802555803E-4"
"sinit"	"9.305852802555803E-4"
"tradit"	"9.305852802555803E-4"
"noble_metal"	"9.305852802555803E-4"
"massacr"	"9.305852802555803E-4"
"neolog"	"9.305852802555803E-4"
"sleep"	"9.305852802555803E-4"
"flam"	"9.298777927959634E-4"
"profit"	"9.298777927959634E-4"
"#costarica:"	"9.298777927959634E-4"
"detent"	"9.298777927959634E-4"
"recover"	"9.298777927959634E-4"
"scos"	"9.298777927959634E-4"
"chain_stor"	"9.298777927959634E-4"
"custod"	"9.298777927959634E-4"
"chao"	"9.298777927959634E-4"
"guanacast"	"9.298777927959634E-4"
"angl"	"9.298777927959634E-4"
"improv"	"9.298777927959634E-4"
"#temblorgt"	"9.298777927959634E-4"
"surg"	"9.298777927959634E-4"
"emergency_servic"	"9.298777927959634E-4"
"clergyman"	"9.29266341277879E-4"
"descens"	"9.280243191720494E-4"
"international_organ"	"9.280243191720494E-4"
"threat"	"9.280243191720494E-4"
"soil"	"9.224724320919808E-4"
"divis"	"9.193201717421218E-4"
"inst"	"9.17322146519961E-4"
"owner"	"8.994430614217563E-4"
"lost"	"8.994430614217563E-4"
"physical_phenomenon"	"8.994430614217563E-4"
"mathematical_object"	"8.994430614217563E-4"
"deliver"	"8.994430614217563E-4"
"perform"	"8.983350562808967E-4"
"real"	"8.981107907680697E-4"
"|"	"8.972093901471467E-4"
"brazil"	"8.970031473066742E-4"
"pos"	"8.970031473066742E-4"
"corpor"	"8.96327063477087E-4"
"check"	"8.835136539055988E-4"
"republ"	"8.793731800380566E-4"
"surnam"	"8.792744969500221E-4"
"marketing_strateg"	"8.76385010824432E-4"
"abstract"	"8.76385010824432E-4"
"#cowx"	"8.76385010824432E-4"
"therap"	"8.753577283310277E-4"
"thriller"	"8.753577283310277E-4"
"solut"	"8.753577283310277E-4"
"ak"	"8.753577283310277E-4"
"fasc"	"8.753577283310277E-4"
"profan"	"8.753577283310277E-4"
"meg"	"8.753577283310277E-4"
"terpsichorean"	"8.753577283310277E-4"
"christian"	"8.753577283310277E-4"
"mon"	"8.753577283310277E-4"
"fairy_chess_piec"	"8.753577283310277E-4"
"psychological_manipl"	"8.753577283310277E-4"
"jamaat"	"8.753577283310277E-4"
"#earthquake#"	"8.753577283310277E-4"
"@basherkella:"	"8.753577283310277E-4"
"propagand"	"8.753577283310277E-4"
"executive_departm"	"8.753577283310277E-4"
"islands:"	"8.753577283310277E-4"
"amus"	"8.753577283310277E-4"
"archbishop"	"8.753577283310277E-4"
"insan"	"8.753577283310277E-4"
"regular_paym"	"8.753577283310277E-4"
"hawk"	"8.753577283310277E-4"
"mejor"	"8.753577283310277E-4"
"allah"	"8.753577283310277E-4"
"shootout"	"8.753577283310277E-4"
"greec"	"8.753577283310277E-4"
"rohingy"	"8.753577283310277E-4"
"province_of_the_netherland"	"8.753577283310277E-4"
"information_system"	"8.753577283310277E-4"
"avec"	"8.753577283310277E-4"
"#hmrd"	"8.753577283310277E-4"
"buyer"	"8.753577283310277E-4"
"#afghanistan"	"8.753577283310277E-4"
"mans"	"8.753577283310277E-4"
"workm"	"8.753577283310277E-4"
"#rohingy"	"8.753577283310277E-4"
"confection"	"8.753577283310277E-4"
"computer_anim"	"8.753577283310277E-4"
"#‚Ä¶"	"8.753577283310277E-4"
"ushes"	"8.753577283310277E-4"
"#5ma"	"8.753577283310277E-4"
"north_americ"	"8.753577283310277E-4"
"zeeland"	"8.753577283310277E-4"
"time¬†¬†2012-09-15"	"8.753577283310277E-4"
"origin"	"8.753577283310277E-4"
"0-2"	"8.753577283310277E-4"
"31"	"8.753577283310277E-4"
"co/1es1yosk"	"8.753577283310277E-4"
"zealand"	"8.753577283310277E-4"
"#lol"	"8.753577283310277E-4"
"s_compens"	"8.753577283310277E-4"
"#de"	"8.753577283310277E-4"
"clash"	"8.753577283310277E-4"
"smartphon"	"8.753577283310277E-4"
"wes"	"8.753577283310277E-4"
"@noishobdo:"	"8.753577283310277E-4"
"eastern_standard_tim"	"8.753577283310277E-4"
"vict"	"8.753577283310277E-4"
"afghan"	"8.753577283310277E-4"
"commune_of_chil"	"8.753577283310277E-4"
"major"	"8.753215426252625E-4"
"empt"	"8.753215426252625E-4"
"public_transit"	"8.749159359083825E-4"
"familiar_spirit"	"8.749159359083825E-4"
"air_force_academ"	"8.749159359083825E-4"
"@basedbieberlif"	"8.749159359083825E-4"
"flush"	"8.749159359083825E-4"
"fetoprotein"	"8.749159359083825E-4"
"@gmanews:"	"8.749159359083825E-4"
"climatic_zon"	"8.749159359083825E-4"
"integumentary_system"	"8.749159359083825E-4"
"amphibian_genus"	"8.749159359083825E-4"
"cianc"	"8.749159359083825E-4"
"containm"	"8.749159359083825E-4"
"department_of_local_governm"	"8.749159359083825E-4"
"mise_√†_jour"	"8.749159359083825E-4"
"siz"	"8.749159359083825E-4"
"civil_defens"	"8.749159359083825E-4"
"monit"	"8.749159359083825E-4"
"private_hospit"	"8.749159359083825E-4"
"descart"	"8.749159359083825E-4"
"marikin"	"8.749159359083825E-4"
"american_band"	"8.749159359083825E-4"
"transport_network"	"8.749159359083825E-4"
"m√©dias_en_belgiqu"	"8.749159359083825E-4"
"nin"	"8.749159359083825E-4"
"replic"	"8.749159359083825E-4"
"paranorm"	"8.749159359083825E-4"
"accident"	"8.749159359083825E-4"
"miniser"	"8.749159359083825E-4"
"anomalous_communic"	"8.749159359083825E-4"
"dead:"	"8.749159359083825E-4"
"walmart"	"8.749159359083825E-4"
"_new"	"8.749159359083825E-4"
"hojanch"	"8.749159359083825E-4"
"panam√°"	"8.749159359083825E-4"
"unbelief"	"8.749159359083825E-4"
"whe"	"8.749159359083825E-4"
"hotl"	"8.749159359083825E-4"
"nep"	"8.749159359083825E-4"
"hojancha_"	"8.749159359083825E-4"
"hwy"	"8.749159359083825E-4"
"caribbean-w"	"8.749159359083825E-4"
"pacific_coast"	"8.749159359083825E-4"
"massively_multiplayer_online_role-playing_gam"	"8.749159359083825E-4"
"deadmau5"	"8.749159359083825E-4"
"ust"	"8.749159359083825E-4"
"pik"	"8.749159359083825E-4"
"gland"	"8.749159359083825E-4"
"afp"	"8.749159359083825E-4"
"solidaridad"	"8.749159359083825E-4"
"rescue_"	"8.749159359083825E-4"
"ocurrid"	"8.749159359083825E-4"
"unit_of_are"	"8.749159359083825E-4"
"runescap"	"8.749159359083825E-4"
"wildfire:"	"8.749159359083825E-4"
"afectado"	"8.749159359083825E-4"
"@612brisbane:"	"8.749159359083825E-4"
"university_of_santo_tomas_hospit"	"8.749159359083825E-4"
"go_about"	"8.749159359083825E-4"
"registrad"	"8.749159359083825E-4"
"bless_you"	"8.749159359083825E-4"
"television_new"	"8.749159359083825E-4"
"@mmd"	"8.749159359083825E-4"
"#bigwes"	"8.709970921439991E-4"
"13"	"8.676843877557516E-4"
"sel"	"8.676843877557516E-4"
"ind"	"8.676843877557516E-4"
"va"	"8.676843877557516E-4"
"peac"	"8.676843877557516E-4"
"sourc"	"8.668880456137451E-4"
"sc"	"8.668880456137451E-4"
"weltraumorgan"	"8.668880456137451E-4"
"reportan"	"8.668880456137451E-4"
"depres"	"8.668880456137451E-4"
"@abcnew"	"8.668880456137451E-4"
"_queensland"	"8.668880456137451E-4"
"escal"	"8.668880456137451E-4"
"wrong"	"8.589889678256579E-4"
"m√©xic"	"8.580146354671969E-4"
"slain"	"8.580146354671969E-4"
"sic"	"8.528577578128527E-4"
"#cluth"	"8.526836283070383E-4"
"feder"	"8.519724674208584E-4"
"bangladesh:"	"8.519724674208584E-4"
"bon"	"8.519724674208584E-4"
"request"	"8.426775498836525E-4"
"cities_of_the_philip"	"8.426775498836525E-4"
"architectur"	"8.423188310806573E-4"
"artifact"	"8.423188310806573E-4"
"seismic_scal"	"8.364695392953925E-4"
"danc"	"8.355479261753507E-4"
"desir"	"8.355479261753507E-4"
"spiritual_be"	"8.355479261753507E-4"
"accis"	"8.347954553901138E-4"
"mus"	"8.319426610517988E-4"
"paym"	"7.959790929430444E-4"
"practic"	"7.959790929430444E-4"
"exploit"	"7.949152511378399E-4"
"s_degre"	"7.833893305561057E-4"
"drought"	"7.833893305561057E-4"
"dar"	"7.833893305561057E-4"
"vin"	"7.833893305561057E-4"
"basebal"	"7.833893305561057E-4"
"#believeacoust"	"7.833893305561057E-4"
"brother"	"7.833893305561057E-4"
"vamo"	"7.833893305561057E-4"
"group_dynam"	"7.833893305561057E-4"
"adversarial_proces"	"7.833893305561057E-4"
"gain"	"7.833893305561057E-4"
"user"	"7.833893305561057E-4"
"fact_shees"	"7.833893305561057E-4"
"social_rel"	"7.833893305561057E-4"
"olympic_sport"	"7.833893305561057E-4"
"general_officer"	"7.833893305561057E-4"
"misdemeanor"	"7.833893305561057E-4"
"pen"	"7.833893305561057E-4"
"#elsalvador"	"7.833893305561057E-4"
"type_of_sport"	"7.833893305561057E-4"
"til"	"7.833893305561057E-4"
"individual_sport"	"7.833893305561057E-4"
"lithgow"	"7.827703875786796E-4"
"cebu"	"7.827703875786796E-4"
"tremor"	"7.827703875786796E-4"
"48"	"7.827703875786796E-4"
"peak"	"7.827703875786796E-4"
"wash"	"7.827703875786796E-4"
"building_complec"	"7.827703875786796E-4"
"sinti√≥"	"7.827703875786796E-4"
"brook"	"7.827703875786796E-4"
"700"	"7.827703875786796E-4"
"setup"	"7.827703875786796E-4"
"amorphous_solis"	"7.827703875786796E-4"
"more:"	"7.827703875786796E-4"
"contest"	"7.363733623424462E-4"
"wtf"	"7.363733623424462E-4"
"mo"	"7.363733623424462E-4"
"photographic_equipm"	"7.356656268586725E-4"
"register"	"7.356656268586725E-4"
"german"	"7.356656268586725E-4"
"cop"	"7.356656268586725E-4"
"bulletin"	"7.356656268586725E-4"
"conf"	"7.356656268586725E-4"
"tx"	"7.356656268586725E-4"
"@bbcbreaking:"	"7.356656268586725E-4"
"flash"	"7.356656268586725E-4"
"carry_through"	"7.356656268586725E-4"
"chittagong"	"7.001977313551011E-4"
"iphon"	"7.001977313551011E-4"
"military_quarter"	"7.001977313551011E-4"
"jav"	"7.001977313551011E-4"
"shame_"	"7.001977313551011E-4"
"erectile_organ"	"7.001977313551011E-4"
"dick"	"7.001977313551011E-4"
"#redbird"	"7.001977313551011E-4"
"nnw"	"7.001977313551011E-4"
"sweetener"	"7.001977313551011E-4"
"#remember911"	"7.001977313551011E-4"
"digital_camer"	"7.001977313551011E-4"
"#sunses"	"7.001977313551011E-4"
"disorder"	"7.001977313551011E-4"
"#summer"	"7.001977313551011E-4"
"elbow_room"	"7.001977313551011E-4"
"dud"	"7.001977313551011E-4"
"@opbangladesh:"	"7.001977313551011E-4"
"classical_condit"	"7.001977313551011E-4"
"#vprsd"	"7.001977313551011E-4"
"tast"	"7.001977313551011E-4"
"lock"	"7.001977313551011E-4"
"the_afghan"	"7.001977313551011E-4"
"@feb28info:"	"7.001977313551011E-4"
"graphem"	"7.001977313551011E-4"
"lma"	"7.001977313551011E-4"
"theor"	"7.001977313551011E-4"
"co/2rjirrnlo"	"7.001977313551011E-4"
"literary_techniqu"	"7.001977313551011E-4"
"ll_parser"	"7.001977313551011E-4"
"05"	"7.001977313551011E-4"
"garrison"	"7.001977313551011E-4"
"hik"	"7.001977313551011E-4"
"tay"	"7.001977313551011E-4"
"#warcrim"	"7.001977313551011E-4"
"holy_day_of_oblig"	"7.001977313551011E-4"
"feast_da"	"7.001977313551011E-4"
"firework"	"7.001977313551011E-4"
"magnitude¬†¬†ml"	"7.001977313551011E-4"
"himn"	"7.001977313551011E-4"
"classical_mus"	"7.001977313551011E-4"
"deposit"	"7.001977313551011E-4"
"#putinsfavoriteflick"	"7.001977313551011E-4"
"cand"	"7.001977313551011E-4"
"thx"	"7.001977313551011E-4"
"akan"	"7.001977313551011E-4"
"rea"	"7.001977313551011E-4"
"antarct"	"7.001977313551011E-4"
"#concacaf"	"7.001977313551011E-4"
"#clim"	"7.001977313551011E-4"
"south_afric"	"7.001977313551011E-4"
"annivers"	"7.001977313551011E-4"
"kepulauan"	"7.001977313551011E-4"
"#djokov"	"7.001977313551011E-4"
"indonesia:"	"7.001977313551011E-4"
"prophes"	"7.001977313551011E-4"
"#eqjp"	"7.001977313551011E-4"
"indonesiad"	"7.001977313551011E-4"
"amerind"	"7.001977313551011E-4"
"#cardinalstock"	"7.001977313551011E-4"
"#cagliar"	"7.001977313551011E-4"
"breath"	"7.001977313551011E-4"
"september_10"	"7.001977313551011E-4"
"seguidor"	"7.001977313551011E-4"
"september_14"	"7.001977313551011E-4"
"#addseguidor"	"7.001977313551011E-4"
"september_6"	"7.001977313551011E-4"
"scientific_stud"	"7.001977313551011E-4"
"s=&gt"	"7.001977313551011E-4"
"balkan_countr"	"7.001977313551011E-4"
"bor"	"7.001977313551011E-4"
"bangladesh_jamaat-e-islam"	"7.001977313551011E-4"
"roof_shingl"	"7.001977313551011E-4"
"boost"	"7.001977313551011E-4"
"rumor"	"7.001977313551011E-4"
"prof=8"	"7.001977313551011E-4"
"state_university_system"	"7.001977313551011E-4"
"#postcard"	"7.001977313551011E-4"
"preview"	"7.001977313551011E-4"
"cyril"	"7.001977313551011E-4"
"cres"	"7.001977313551011E-4"
"packing_cas"	"7.001977313551011E-4"
"credit"	"7.001977313551011E-4"
"@wnicholasgomes:"	"7.001977313551011E-4"
"september_8"	"7.001977313551011E-4"
"omfg"	"7.001977313551011E-4"
"decir"	"7.001977313551011E-4"
"#paragua"	"7.001977313551011E-4"
"#photograph"	"7.001977313551011E-4"
"#palest"	"7.001977313551011E-4"
"cantonm"	"7.001977313551011E-4"
"delict"	"7.001977313551011E-4"
"parad"	"7.001977313551011E-4"
"#luhc2k13"	"7.001977313551011E-4"
"partner_"	"7.001977313551011E-4"
"postal_station"	"7.001977313551011E-4"
"business_rank"	"7.001977313551011E-4"
"postcard"	"7.001977313551011E-4"
"pit"	"7.001977313551011E-4"
"ahahah"	"7.001977313551011E-4"
"police_quarter"	"7.001977313551011E-4"
"abl"	"7.001977313551011E-4"
"israel"	"7.001977313551011E-4"
"#japan"	"7.001977313551011E-4"
"_californ"	"7.001977313551011E-4"
"#ita"	"7.001977313551011E-4"
"physiolog"	"7.001977313551011E-4"
"abduc"	"7.001977313551011E-4"
"javan"	"7.001977313551011E-4"
"07"	"7.001977313551011E-4"
"tiemp"	"7.001977313551011E-4"
"time¬†¬†2012-09-16"	"7.001977313551011E-4"
"uk_newspaper"	"7.001977313551011E-4"
"worldw"	"7.001977313551011E-4"
"tirote"	"7.001977313551011E-4"
"√°ngel"	"7.001977313551011E-4"
"winter"	"7.001977313551011E-4"
"tortur"	"7.001977313551011E-4"
"web"	"7.001977313551011E-4"
"transit"	"7.001977313551011E-4"
"west_"	"7.001977313551011E-4"
"tickes"	"7.001977313551011E-4"
"da14"	"6.998443593163595E-4"
"commenc"	"6.998443593163595E-4"
"tv_miniser"	"6.998443593163595E-4"
"cooler"	"6.998443593163595E-4"
"gestur"	"6.998443593163595E-4"
"150"	"6.998443593163595E-4"
"guanacaste_provinc"	"6.998443593163595E-4"
"fellow"	"6.998443593163595E-4"
"#cost"	"6.998443593163595E-4"
"nondepository_financial_institut"	"6.998443593163595E-4"
"ring"	"6.998443593163595E-4"
"aqu√≠"	"6.998443593163595E-4"
"ger"	"6.998443593163595E-4"
"bangladesh‚Äô"	"6.998443593163595E-4"
"@yahoonew"	"6.998443593163595E-4"
"banglad"	"6.998443593163595E-4"
"pair"	"6.998443593163595E-4"
"chronolog"	"6.998443593163595E-4"
"bangl"	"6.998443593163595E-4"
"ghost"	"6.998443593163595E-4"
"northern_colorad"	"6.998443593163595E-4"
"visay"	"6.998443593163595E-4"
"take_out"	"6.998443593163595E-4"
"@nbcnews:"	"6.998443593163595E-4"
"üôè"	"6.998443593163595E-4"
"flood_alers"	"6.998443593163595E-4"
"@cnn:"	"6.998443593163595E-4"
"police_scotland"	"6.998443593163595E-4"
"rur"	"6.998443593163595E-4"
"@qpsmed"	"6.998443593163595E-4"
"american_broadcasting_compan"	"6.998443593163595E-4"
"federal_emergency_management_ag"	"6.998443593163595E-4"
"investment_compan"	"6.998443593163595E-4"
"state_of_brazil"	"6.998443593163595E-4"
"heartbreak"	"6.998443593163595E-4"
"heartbeat"	"6.998443593163595E-4"
"cnn:"	"6.998443593163595E-4"
"altr"	"6.998443593163595E-4"
"uerm"	"6.998443593163595E-4"
"explosi√≥n_en_la_refiner√≠a_de_amua"	"6.998443593163595E-4"
"freshwater_f"	"6.998443593163595E-4"
"drinking_water"	"6.998443593163595E-4"
"troubadour"	"6.998443593163595E-4"
"weekend_"	"6.998443593163595E-4"
"@nas"	"6.998443593163595E-4"
"let_g"	"6.998443593163595E-4"
"terrif"	"6.998443593163595E-4"
"go_down"	"6.998443593163595E-4"
"rf"	"6.998443593163595E-4"
"@time:"	"6.998443593163595E-4"
"127"	"6.998443593163595E-4"
"9-magnitud"	"6.998443593163595E-4"
"laggard"	"6.998443593163595E-4"
"deliber"	"6.998443593163595E-4"
"sunsh"	"6.998443593163595E-4"
"irish"	"6.998443593163595E-4"
"chiap"	"6.998443593163595E-4"
"#brasil"	"6.998443593163595E-4"
"missing_person"	"6.998443593163595E-4"
"merg"	"6.998443593163595E-4"
"catch_fir"	"6.998443593163595E-4"
"today:"	"6.998443593163595E-4"
"#tornad"	"6.998443593163595E-4"
"result"	"6.998443593163595E-4"
"ancor"	"6.998443593163595E-4"
"associated_pres"	"6.998443593163595E-4"
"pilgrimage_sit"	"6.998443593163595E-4"
"patient"	"6.998443593163595E-4"
"tripl"	"6.998443593163595E-4"
"temperam"	"6.998443593163595E-4"
"@abc"	"6.998443593163595E-4"
"rod"	"6.998443593163595E-4"
"intercardinal_direct"	"6.998443593163595E-4"
"#weatheralers"	"6.998443593163595E-4"
"police:"	"6.998443593163595E-4"
"magadhan"	"6.998443593163595E-4"
"directive_"	"6.998443593163595E-4"
"pop_rock"	"6.998443593163595E-4"
"urgente:"	"6.998443593163595E-4"
"raccolt"	"6.998443593163595E-4"
"outl"	"6.998443593163595E-4"
"harvest"	"6.998443593163595E-4"
"side_project"	"6.998443593163595E-4"
"v√≠tim"	"6.998443593163595E-4"
"shook"	"6.998443593163595E-4"
"civil_par"	"6.998443593163595E-4"
"73"	"6.998443593163595E-4"
"injured:"	"6.998443593163595E-4"
"em_quas"	"6.998443593163595E-4"
"acknowledg"	"6.998443593163595E-4"
"@biobio:"	"6.998443593163595E-4"
"gradi"	"6.998443593163595E-4"
"agit"	"6.998443593163595E-4"
"religious_text"	"6.998443593163595E-4"
"concres"	"6.998443593163595E-4"
"draw_back"	"6.998443593163595E-4"
"straggler"	"6.998443593163595E-4"
"sw"	"6.998443593163595E-4"
"airlift"	"6.998443593163595E-4"
"apparel_industr"	"6.998443593163595E-4"
"geol√≥gic"	"6.998443593163595E-4"
"create_from_raw_mater"	"6.998443593163595E-4"
"reshm"	"6.998443593163595E-4"
"declar√≥"	"6.998443593163595E-4"
"official:"	"6.998443593163595E-4"
"pictures:"	"6.998443593163595E-4"
"meanwhil"	"6.998443593163595E-4"
"@abscbnnews:"	"6.998443593163595E-4"
"santiago_de_compostel"	"6.998443593163595E-4"
"fotos:"	"6.998443593163595E-4"
"protezion"	"6.998443593163595E-4"
"Â§©Ê∞ó:"	"5.250819832650633E-4"
"ist"	"5.250819832650633E-4"
"island_group"	"5.250819832650633E-4"
"gar"	"5.250819832650633E-4"
"ya_"	"5.250819832650633E-4"
"african"	"5.250819832650633E-4"
"gasol"	"5.250819832650633E-4"
"#follow"	"5.250819832650633E-4"
"f√ºr"	"5.250819832650633E-4"
"loan"	"5.250819832650633E-4"
"visit=&gt"	"5.250819832650633E-4"
"respiratory_diseas"	"5.250819832650633E-4"
"@gameofthron"	"5.250819832650633E-4"
"ganhar"	"5.250819832650633E-4"
"ganh"	"5.250819832650633E-4"
"esclav"	"5.250819832650633E-4"
"game_show"	"5.250819832650633E-4"
"gan"	"5.250819832650633E-4"
"depthÔºö"	"5.250819832650633E-4"
"affection"	"5.250819832650633E-4"
"ÂÆÆÂüéÁúåÊ≤ñ"	"5.250819832650633E-4"
"lmfa"	"5.250819832650633E-4"
"#stl"	"5.250819832650633E-4"
"#lov"	"5.250819832650633E-4"
"procedure_word"	"5.250819832650633E-4"
"musical_perform"	"5.250819832650633E-4"
"#longmont"	"5.250819832650633E-4"
"pom"	"5.250819832650633E-4"
"art_form"	"5.250819832650633E-4"
"#may"	"5.250819832650633E-4"
"#cdnpol"	"5.250819832650633E-4"
"chat"	"5.250819832650633E-4"
"girlfriens"	"5.250819832650633E-4"
"sports_club"	"5.250819832650633E-4"
"london"	"5.250819832650633E-4"
"palm"	"5.250819832650633E-4"
"instruc"	"5.250819832650633E-4"
"yg"	"5.250819832650633E-4"
"intellect"	"5.250819832650633E-4"
"change_of_cour"	"5.250819832650633E-4"
"#may5"	"5.250819832650633E-4"
"religious_song"	"5.250819832650633E-4"
"#mayda"	"5.250819832650633E-4"
"give_awa"	"5.250819832650633E-4"
"giveawa"	"5.250819832650633E-4"
"springs:"	"5.250819832650633E-4"
"white_hous"	"5.250819832650633E-4"
"#shaplachattar"	"5.250819832650633E-4"
"stal"	"5.250819832650633E-4"
"transducer"	"5.250819832650633E-4"
"professionalism_in_association_footbal"	"5.250819832650633E-4"
"barbecu"	"5.250819832650633E-4"
"come_back"	"5.250819832650633E-4"
"martyr"	"5.250819832650633E-4"
"defense_intelligence_ag"	"5.250819832650633E-4"
"#shibir"	"5.250819832650633E-4"
"#milit"	"5.250819832650633E-4"
"sse_plc"	"5.250819832650633E-4"
"glenwood"	"5.250819832650633E-4"
"intellig"	"5.250819832650633E-4"
"#yem"	"5.250819832650633E-4"
"@npdice:"	"5.250819832650633E-4"
"Á¶èÂ≥∂ÁúåÊ≤ñ„ÅßÂú∞Èúá„ÄÄÊúÄÂ§ßÈúáÂ∫¶"	"5.250819832650633E-4"
"soooo"	"5.250819832650633E-4"
"#mahas"	"5.250819832650633E-4"
"adventure_fict"	"5.250819832650633E-4"
"ador"	"5.250819832650633E-4"
"soundtrack"	"5.250819832650633E-4"
"demon"	"5.250819832650633E-4"
"soo"	"5.250819832650633E-4"
"cobertur"	"5.250819832650633E-4"
"#somal"	"5.250819832650633E-4"
"somal"	"5.250819832650633E-4"
"invest"	"5.250819832650633E-4"
"#m"	"5.250819832650633E-4"
"genit"	"5.250819832650633E-4"
"parec"	"5.250819832650633E-4"
"admirer"	"5.250819832650633E-4"
"tricycl"	"5.250819832650633E-4"
"champ"	"5.250819832650633E-4"
"#flight"	"5.250819832650633E-4"
"panahon"	"5.250819832650633E-4"
"international_law"	"5.250819832650633E-4"
"speaker"	"5.250819832650633E-4"
"sp"	"5.250819832650633E-4"
"#career"	"5.250819832650633E-4"
"south_americ"	"5.250819832650633E-4"
"yem"	"5.250819832650633E-4"
"administrative_region_of_greec"	"5.250819832650633E-4"
"basketball_team"	"5.250819832650633E-4"
"get_rid_of"	"5.250819832650633E-4"
"basketbal"	"5.250819832650633E-4"
"ski_resort"	"5.250819832650633E-4"
"sheriff"	"5.250819832650633E-4"
"army_unit"	"5.250819832650633E-4"
"#hik"	"5.250819832650633E-4"
"disfrut"	"5.250819832650633E-4"
"plain"	"5.250819832650633E-4"
"pizz"	"5.250819832650633E-4"
"film_producer"	"5.250819832650633E-4"
"school_holida"	"5.250819832650633E-4"
"legal_profes"	"5.250819832650633E-4"
"‚úî#bestrapper"	"5.250819832650633E-4"
"boston_red_sox"	"5.250819832650633E-4"
"biogeographical_reg"	"5.250819832650633E-4"
"lebih"	"5.250819832650633E-4"
"military_intellig"	"5.250819832650633E-4"
"2012/09/14"	"5.250819832650633E-4"
"#vancouver"	"5.250819832650633E-4"
"drake_"	"5.250819832650633E-4"
"analges"	"5.250819832650633E-4"
"rons"	"5.250819832650633E-4"
"#thomas_hiat"	"5.250819832650633E-4"
"volt"	"5.250819832650633E-4"
"ml"	"5.250819832650633E-4"
"brit"	"5.250819832650633E-4"
"#beaut"	"5.250819832650633E-4"
"british_overseas_territor"	"5.250819832650633E-4"
"bicycl"	"5.250819832650633E-4"
"discernm"	"5.250819832650633E-4"
"discard"	"5.250819832650633E-4"
"#tomqand"	"5.250819832650633E-4"
"amnest"	"5.250819832650633E-4"
"director_"	"5.250819832650633E-4"
"disagreeable_person"	"5.250819832650633E-4"
"leather"	"5.250819832650633E-4"
"midland"	"5.250819832650633E-4"
"f√°bric"	"5.250819832650633E-4"
"distress_sign"	"5.250819832650633E-4"
"metric_weight_unit"	"5.250819832650633E-4"
"anthropolog"	"5.250819832650633E-4"
"anthem"	"5.250819832650633E-4"
"rushdie_novel"	"5.250819832650633E-4"
"bnp"	"5.250819832650633E-4"
"political_mov"	"5.250819832650633E-4"
"#un"	"5.250819832650633E-4"
"las"	"5.250819832650633E-4"
"#hap"	"5.250819832650633E-4"
"blackbal"	"5.250819832650633E-4"
"#atl"	"5.250819832650633E-4"
"–∫"	"5.250819832650633E-4"
"bless√©"	"5.250819832650633E-4"
"pork"	"5.250819832650633E-4"
"salut"	"5.250819832650633E-4"
"fav"	"5.250819832650633E-4"
"vulgar"	"5.250819832650633E-4"
"#hefazat"	"5.250819832650633E-4"
"#vac"	"5.250819832650633E-4"
"bomb_threat"	"5.250819832650633E-4"
"book_ser"	"5.250819832650633E-4"
"@real_liam_payn"	"5.250819832650633E-4"
"mentawa"	"5.250819832650633E-4"
"lahat"	"5.250819832650633E-4"
"polar_reg"	"5.250819832650633E-4"
"favourit"	"5.250819832650633E-4"
"bola√±o"	"5.250819832650633E-4"
"#aljazeer"	"5.250819832650633E-4"
"dl"	"5.250819832650633E-4"
"flaw"	"5.250819832650633E-4"
"segu"	"5.250819832650633E-4"
"#gocard"	"5.250819832650633E-4"
"#instagood"	"5.250819832650633E-4"
"46"	"5.250819832650633E-4"
"measure_up"	"5.250819832650633E-4"
"lil_wayn"	"5.250819832650633E-4"
"meal"	"5.250819832650633E-4"
"sidorukun"	"5.250819832650633E-4"
"aku"	"5.250819832650633E-4"
"#kashmir"	"5.250819832650633E-4"
"motherfucker"	"5.250819832650633E-4"
"jst"	"5.250819832650633E-4"
"aleut"	"5.250819832650633E-4"
"1-0"	"5.250819832650633E-4"
"joy"	"5.250819832650633E-4"
"jp„Äë"	"5.250819832650633E-4"
"4km"	"5.250819832650633E-4"
"4th"	"5.250819832650633E-4"
"significant_other"	"5.250819832650633E-4"
"jeal"	"5.250819832650633E-4"
"aint"	"5.250819832650633E-4"
"mayda"	"5.250819832650633E-4"
"arithmetic_mean"	"5.250819832650633E-4"
"mujer"	"5.250819832650633E-4"
"full-tim"	"5.250819832650633E-4"
"aristocr"	"5.250819832650633E-4"
"estonian_monetary_unit"	"5.250819832650633E-4"
"fuckin"	"5.250819832650633E-4"
"airport_termin"	"5.250819832650633E-4"
"despu"	"5.250819832650633E-4"
"5-mag"	"5.250819832650633E-4"
"sim"	"5.250819832650633E-4"
"aleutian_island"	"5.250819832650633E-4"
"#bnp"	"5.250819832650633E-4"
"#s‚Ä¶"	"5.250819832650633E-4"
"september_15"	"5.250819832650633E-4"
"voir"	"5.250819832650633E-4"
"september_17"	"5.250819832650633E-4"
"petr√≥leo"	"5.250819832650633E-4"
"september_4"	"5.250819832650633E-4"
"petroleum_produc"	"5.250819832650633E-4"
"27km"	"5.250819832650633E-4"
"football_player"	"5.250819832650633E-4"
"pharmaceut"	"5.250819832650633E-4"
"phob"	"5.250819832650633E-4"
"co/nl5fnhnof"	"5.250819832650633E-4"
"universidad"	"5.250819832650633E-4"
"beverly_hil"	"5.250819832650633E-4"
"usag"	"5.250819832650633E-4"
"kanye_west"	"5.250819832650633E-4"
"cabez"	"5.250819832650633E-4"
"#genoc"	"5.250819832650633E-4"
"evergreen"	"5.250819832650633E-4"
"arch"	"5.250819832650633E-4"
"fort_collin"	"5.250819832650633E-4"
"pericop"	"5.250819832650633E-4"
"vocal_mus"	"5.250819832650633E-4"
"sexual_ori"	"5.250819832650633E-4"
"kany"	"5.250819832650633E-4"
"servicem"	"5.250819832650633E-4"
"dig"	"5.250819832650633E-4"
"#war"	"5.250819832650633E-4"
"14/09/12"	"5.250819832650633E-4"
"@sabrina_s71:"	"5.250819832650633E-4"
"gminy_portugali"	"5.250819832650633E-4"
"repost"	"5.250819832650633E-4"
"_cebu"	"5.250819832650633E-4"
"co-"	"5.250819832650633E-4"
"hawaii:"	"5.250819832650633E-4"
"@bbcworld"	"5.250819832650633E-4"
"debt"	"5.250819832650633E-4"
"compli"	"5.250819832650633E-4"
"studi"	"5.250819832650633E-4"
"test_autom"	"5.250819832650633E-4"
"empres"	"5.250819832650633E-4"
"h/t"	"5.250819832650633E-4"
"cousin"	"5.250819832650633E-4"
"ein"	"5.250819832650633E-4"
"asshol"	"5.250819832650633E-4"
"terrorist"	"5.250819832650633E-4"
"tissu"	"5.250819832650633E-4"
"supercontin"	"5.250819832650633E-4"
"national_anthem"	"5.250819832650633E-4"
"cigares"	"5.250819832650633E-4"
"dark_"	"5.250819832650633E-4"
"proper_noun"	"5.250819832650633E-4"
"ayaw"	"5.250819832650633E-4"
"#santamaria:"	"5.250819832650633E-4"
"cycl"	"5.250819832650633E-4"
"#pitmad"	"5.250819832650633E-4"
"newsstand"	"5.250819832650633E-4"
"overlap"	"5.250819832650633E-4"
"humid"	"5.250819832650633E-4"
"m4"	"5.250819832650633E-4"
"[ÊúÄÂ§ßÈúáÂ∫¶]"	"5.250819832650633E-4"
"audit"	"5.250819832650633E-4"
"oncle_et_tant"	"5.250819832650633E-4"
"clasp"	"5.250819832650633E-4"
"homophob"	"5.250819832650633E-4"
"baj"	"5.250819832650633E-4"
"@asot600ca:"	"5.250819832650633E-4"
"tan"	"5.250819832650633E-4"
"nlc"	"5.250819832650633E-4"
"computer_memory_unit"	"5.250819832650633E-4"
"attorne"	"5.250819832650633E-4"
"teng"	"5.250819832650633E-4"
"[preview]"	"5.250819832650633E-4"
"cyclone_mahas"	"5.250819832650633E-4"
"concacaf"	"5.250819832650633E-4"
"eff"	"5.250819832650633E-4"
"tem"	"5.250819832650633E-4"
"confirm√≥"	"5.250819832650633E-4"
"tempor"	"5.250819832650633E-4"
"#falc√≥n"	"5.250819832650633E-4"
"cut_of_pork"	"5.250819832650633E-4"
"ht‚Ä¶"	"5.250819832650633E-4"
"¬øqu√©"	"5.250819832650633E-4"
"hasina_"	"5.250819832650633E-4"
"proposed_province_of_indones"	"5.250819832650633E-4"
"government_build"	"5.250819832650633E-4"
"ral"	"5.250819832650633E-4"
"#newyork"	"5.250819832650633E-4"
"circumst"	"5.250819832650633E-4"
"orchard"	"5.250819832650633E-4"
"marian"	"5.250819832650633E-4"
"#redey"	"5.250819832650633E-4"
"#everylittlestep"	"5.250819832650633E-4"
"mariana_island"	"5.250819832650633E-4"
"ord"	"5.250819832650633E-4"
"national_symbol"	"5.250819832650633E-4"
"ennobl"	"5.250819832650633E-4"
"western_hemispher"	"5.250819832650633E-4"
"reap"	"5.250819832650633E-4"
"operating_system"	"5.250819832650633E-4"
"#paradis"	"5.250819832650633E-4"
"goat_antelop"	"5.250819832650633E-4"
"ulan"	"5.250819832650633E-4"
"velocirapt"	"5.250819832650633E-4"
"#sal"	"5.250819832650633E-4"
"techn"	"5.250819832650633E-4"
"electro-acoustic_transducer"	"5.250819832650633E-4"
"entertainer"	"5.250819832650633E-4"
"tien"	"5.250819832650633E-4"
"tooth"	"5.250819832650633E-4"
"stev"	"5.250819832650633E-4"
"atl"	"5.250819832650633E-4"
"#propers"	"5.250819832650633E-4"
"unfollow"	"5.250819832650633E-4"
"china:"	"5.250819832650633E-4"
"male_aristocrat"	"5.250819832650633E-4"
"heris"	"5.250819832650633E-4"
"#rmg"	"5.250819832650633E-4"
"go_back"	"5.250819832650633E-4"
"infectious_diseas"	"5.250819832650633E-4"
"ÈúáÂ∫¶1"	"5.250819832650633E-4"
"th‚Ä¶"	"5.250819832650633E-4"
"oooh"	"5.250819832650633E-4"
"go_card"	"5.250819832650633E-4"
"ratusan"	"5.250819832650633E-4"
"cross-polytop"	"5.250819832650633E-4"
"regions"	"5.250819832650633E-4"
"autr"	"5.250819832650633E-4"
"date:"	"5.250819832650633E-4"
"thril"	"5.250819832650633E-4"
"aversiv"	"5.250819832650633E-4"
"#prayforgaz"	"5.250819832650633E-4"
"east_southeast"	"5.250819832650633E-4"
"consecut"	"5.250819832650633E-4"
"nb"	"5.250819832650633E-4"
"oppres"	"5.250819832650633E-4"
"aspect"	"5.250819832650633E-4"
"magnitude¬†¬†m"	"5.250819832650633E-4"
"crimes_against_human"	"5.250819832650633E-4"
"hut"	"5.250819832650633E-4"
"aut"	"5.250819832650633E-4"
"cun"	"5.250819832650633E-4"
"conquer"	"5.250819832650633E-4"
"[ÈúáÊ∫êÂú∞]"	"5.250819832650633E-4"
"range_"	"5.250819832650633E-4"
"axis_of_rot"	"5.250819832650633E-4"
"[fantaken]"	"5.250819832650633E-4"
"#polit"	"5.250819832650633E-4"
"quer√≠"	"5.250819832650633E-4"
"#mountain"	"5.250819832650633E-4"
"economic_order"	"5.250819832650633E-4"
"#serviziopubblic"	"5.250819832650633E-4"
"gol"	"5.250819832650633E-4"
"stol"	"5.250819832650633E-4"
"vec"	"5.250819832650633E-4"
"tabl"	"5.250819832650633E-4"
"consecutiv"	"5.250819832650633E-4"
"machine_el"	"5.250819832650633E-4"
"#opbangladesh"	"5.250819832650633E-4"
"@climavzla:"	"5.248170006352249E-4"
"corrier"	"5.248170006352249E-4"
"@qldses:"	"5.248170006352249E-4"
"a‚Ä¶"	"5.248170006352249E-4"
"peor"	"5.248170006352249E-4"
"details:"	"5.248170006352249E-4"
"shut_down"	"5.248170006352249E-4"
"usgs:"	"5.248170006352249E-4"
"frequency_spectr"	"5.248170006352249E-4"
"deter"	"5.248170006352249E-4"
"p√°nic"	"5.248170006352249E-4"
"void_"	"5.248170006352249E-4"
"strok"	"5.248170006352249E-4"
"11pm"	"5.248170006352249E-4"
"activas"	"5.248170006352249E-4"
"@redcrossau:"	"5.248170006352249E-4"
"pacific_tsunami_warning_center"	"5.248170006352249E-4"
"ocurri√≥"	"5.248170006352249E-4"
"coverage:"	"5.248170006352249E-4"
"pacific"	"5.248170006352249E-4"
"#teamfollowback"	"5.248170006352249E-4"
"reiter"	"5.248170006352249E-4"
"pinoy"	"5.248170006352249E-4"
"#emil"	"5.248170006352249E-4"
"610"	"5.248170006352249E-4"
"off-dut"	"5.248170006352249E-4"
"@globovis"	"5.248170006352249E-4"
"countryman"	"5.248170006352249E-4"
"countrym"	"5.248170006352249E-4"
"5¬∞"	"5.248170006352249E-4"
"@cbsnews:"	"5.248170006352249E-4"
"strike:"	"5.248170006352249E-4"
"ipswich"	"5.248170006352249E-4"
"cosmolog"	"5.248170006352249E-4"
"sunlight"	"5.248170006352249E-4"
"levantan"	"5.248170006352249E-4"
"domestic_cat"	"5.248170006352249E-4"
"bagyong"	"5.248170006352249E-4"
"labor_part"	"5.248170006352249E-4"
"plum"	"5.248170006352249E-4"
"sardegna:"	"5.248170006352249E-4"
"manti"	"5.248170006352249E-4"
"-east"	"5.248170006352249E-4"
"marin"	"5.248170006352249E-4"
"marikina_river"	"5.248170006352249E-4"
"alp"	"5.248170006352249E-4"
"@cmdr_hadfield:"	"5.248170006352249E-4"
"toggl"	"5.248170006352249E-4"
"#b‚Ä¶"	"5.248170006352249E-4"
"aug"	"5.248170006352249E-4"
"informan"	"5.248170006352249E-4"
"informand"	"5.248170006352249E-4"
"digital_computer"	"5.248170006352249E-4"
"@wsj:"	"5.248170006352249E-4"
"hit_on"	"5.248170006352249E-4"
"short_message_servic"	"5.248170006352249E-4"
"dispatch"	"5.248170006352249E-4"
"pc"	"5.248170006352249E-4"
"hero"	"5.248170006352249E-4"
"afectad"	"5.248170006352249E-4"
"assault"	"5.248170006352249E-4"
"@denverchannel:"	"5.248170006352249E-4"
"roar"	"5.248170006352249E-4"
"wash_up"	"5.248170006352249E-4"
"updates:"	"5.248170006352249E-4"
"assail"	"5.248170006352249E-4"
"british_archaeological_trust"	"5.248170006352249E-4"
"high_wind"	"5.248170006352249E-4"
"azot"	"5.248170006352249E-4"
"@elcomerci"	"5.248170006352249E-4"
"romant"	"5.248170006352249E-4"
"shooting:"	"5.248170006352249E-4"
"at_any_r"	"5.248170006352249E-4"
"melt"	"5.248170006352249E-4"
"terremoto:"	"5.248170006352249E-4"
"021"	"5.248170006352249E-4"
"disapprov"	"5.248170006352249E-4"
"@energec"	"5.248170006352249E-4"
"tokio_hotel"	"5.248170006352249E-4"
"clean-up"	"5.248170006352249E-4"
"seatrain_album"	"5.248170006352249E-4"
"preventiv"	"5.248170006352249E-4"
"sufrir"	"5.248170006352249E-4"
"compatriot"	"5.248170006352249E-4"
"conacast"	"5.248170006352249E-4"
"atmospheric_electr"	"5.248170006352249E-4"
"wal-mart"	"5.248170006352249E-4"
"upses"	"5.248170006352249E-4"
"consc"	"5.248170006352249E-4"
"seq"	"5.248170006352249E-4"
"dispersi:"	"5.248170006352249E-4"
"admon"	"5.248170006352249E-4"
"tv_st"	"5.248170006352249E-4"
"equipm"	"5.248170006352249E-4"
"231"	"5.248170006352249E-4"
"chius"	"5.248170006352249E-4"
"legal_right"	"5.248170006352249E-4"
"commens"	"5.248170006352249E-4"
"set_up"	"5.248170006352249E-4"
"comisi√≥n"	"5.248170006352249E-4"
"@coemergency:"	"5.248170006352249E-4"
"for√ß"	"5.248170006352249E-4"
"4pm"	"5.248170006352249E-4"
"do_b"	"5.248170006352249E-4"
"23-year-old"	"5.248170006352249E-4"
"national_guard"	"5.248170006352249E-4"
"national_econom"	"5.248170006352249E-4"
"@cnnmex:"	"5.248170006352249E-4"
"ayer"	"5.248170006352249E-4"
"web_applic"	"5.248170006352249E-4"
"ural_mountain"	"5.248170006352249E-4"
"telstr"	"5.248170006352249E-4"
"ascens"	"5.248170006352249E-4"
"brg"	"5.248170006352249E-4"
"@neasg"	"5.248170006352249E-4"
"paraguan√°_refinery_complec"	"5.248170006352249E-4"
"season_1"	"5.248170006352249E-4"
"briefing:"	"5.248170006352249E-4"
"co/t"	"5.248170006352249E-4"
"bright"	"5.248170006352249E-4"
"northwestern"	"5.248170006352249E-4"
"brev"	"5.248170006352249E-4"
"province_of_costa_ric"	"5.248170006352249E-4"
"@yahoonews:"	"5.248170006352249E-4"
"burn_down"	"5.248170006352249E-4"
"commissioner"	"5.248170006352249E-4"
"ua&amp"	"5.248170006352249E-4"
"advisory:"	"5.248170006352249E-4"
"huffington_post"	"5.248170006352249E-4"
"245"	"5.248170006352249E-4"
"name-drop"	"5.248170006352249E-4"
"avers"	"5.248170006352249E-4"
"action_gam"	"5.248170006352249E-4"
"@stvnews:"	"5.248170006352249E-4"
"v√≠deo_show"	"5.248170006352249E-4"
"–∑–≤–µ–∑–¥—É"	"5.248170006352249E-4"
"say:"	"5.248170006352249E-4"
"82"	"5.248170006352249E-4"
"oswald"	"5.248170006352249E-4"
"local_government_are"	"5.248170006352249E-4"
"@huffingtonpost:"	"5.248170006352249E-4"
"timel"	"5.248170006352249E-4"
"blackout"	"5.248170006352249E-4"
"moth"	"5.248170006352249E-4"
"farrel"	"5.248170006352249E-4"
"9¬∫"	"5.248170006352249E-4"
"cancelan"	"5.248170006352249E-4"
"@sancheezyrican"	"5.248170006352249E-4"
"local"	"5.248170006352249E-4"
"electrical_breakdown"	"5.248170006352249E-4"
"macquari"	"5.248170006352249E-4"
"–∫–∞–∫–æ–π"	"5.248170006352249E-4"
"@abcwidebay:"	"5.248170006352249E-4"
"red_alers"	"5.248170006352249E-4"
"horrif"	"5.248170006352249E-4"
"@abcnews24:"	"5.248170006352249E-4"
"@joefresh"	"5.248170006352249E-4"
"impl"	"5.248170006352249E-4"
"@telesurtv:"	"5.248170006352249E-4"
"1800"	"5.248170006352249E-4"
"magic:_the_gather"	"5.248170006352249E-4"
"@abcnews:"	"5.248170006352249E-4"
"residential_are"	"5.248170006352249E-4"
"wouldn"	"5.248170006352249E-4"
"orde"	"5.248170006352249E-4"
"–ª—é–±–∏–º–æ–π"	"5.248170006352249E-4"
"electronic_mus"	"5.248170006352249E-4"
"–º–µ—Ç–µ–æ—Ä–∏—Ç"	"5.248170006352249E-4"
"electrostatic_discharg"	"5.248170006352249E-4"
"@autalert:"	"5.248170006352249E-4"
"vacuum"	"5.248170006352249E-4"
"83km"	"5.248170006352249E-4"
"times:"	"5.248170006352249E-4"
"lor"	"5.248170006352249E-4"
"santa_mar"	"5.248170006352249E-4"
"see_in"	"5.248170006352249E-4"
"recovery_"	"5.248170006352249E-4"
"d:"	"5.248170006352249E-4"
"kedr"	"5.248170006352249E-4"
"cay√≥"	"5.248170006352249E-4"
"orland"	"5.248170006352249E-4"
"one_way_"	"5.248170006352249E-4"
"benetton"	"5.248170006352249E-4"
"drop-off"	"5.248170006352249E-4"
"jon"	"5.248170006352249E-4"
"blew"	"5.248170006352249E-4"
"victims:"	"5.248170006352249E-4"
"950"	"5.248170006352249E-4"
"garment-factor"	"5.248170006352249E-4"
"spread:"	"5.248170006352249E-4"
"fire_eng"	"5.248170006352249E-4"
"c√≥m"	"5.248170006352249E-4"
"#crash"	"5.248170006352249E-4"
"m7"	"5.248170006352249E-4"
"sigu"	"5.248170006352249E-4"
"190"	"5.248170006352249E-4"
"@rescueph"	"5.248170006352249E-4"
"gympi"	"5.248170006352249E-4"
"custody:"	"5.248170006352249E-4"
"@ancalers"	"5.248170006352249E-4"
"morto"	"5.248170006352249E-4"
"subsid"	"5.248170006352249E-4"
"8:42"	"5.248170006352249E-4"
"shees"	"5.248170006352249E-4"
"uncontain"	"5.248170006352249E-4"
"bemoan"	"5.248170006352249E-4"
"bel√©m"	"5.248170006352249E-4"
"seismic_wav"	"5.248170006352249E-4"
"#newbedon"	"5.248170006352249E-4"
"11:00pm"	"5.248170006352249E-4"
"8:42am"	"5.248170006352249E-4"
"almen"	"5.248170006352249E-4"
"stay_"	"5.248170006352249E-4"
"veterans_da"	"5.248170006352249E-4"
"dzhokhar_"	"5.248170006352249E-4"
"debid"	"5.248170006352249E-4"
"sangr"	"5.248170006352249E-4"
"2013_california_wildfire_season"	"5.248170006352249E-4"
"—Å–≤–æ–µ–π"	"5.248170006352249E-4"
"—á–µ–ª—è–±–∏–Ω—Å–∫–∏–π"	"5.248170006352249E-4"
"@702sydne"	"5.248170006352249E-4"
"lockyer"	"5.248170006352249E-4"
"@_snape_:"	"5.248170006352249E-4"
"emergenz"	"5.248170006352249E-4"
"10th_edit"	"5.248170006352249E-4"
"sicyo"	"5.248170006352249E-4"
"student"	"5.248170006352249E-4"
"submerg"	"5.248170006352249E-4"
"—Å—É—Ä–æ–≤—ã–π"	"5.248170006352249E-4"
"#queensland"	"5.248170006352249E-4"
"lockyer_valle"	"5.248170006352249E-4"
"caryops"	"5.248170006352249E-4"
"acopi"	"5.248170006352249E-4"
"flees"	"5.248170006352249E-4"
"carri"	"5.248170006352249E-4"
"strongman"	"5.248170006352249E-4"
"ndrrmc:"	"5.248170006352249E-4"
"647"	"5.248170006352249E-4"
"opinion"	"5.248170006352249E-4"
"extract"	"5.248170006352249E-4"
"champeric"	"5.248170006352249E-4"
"msnbc"	"5.248170006352249E-4"
"idiot"	"5.248170006352249E-4"
"desaparecis"	"5.248170006352249E-4"
"powerl"	"5.248170006352249E-4"
"famili"	"5.248170006352249E-4"
"poem"	"5.248170006352249E-4"
"impactant"	"5.248170006352249E-4"
"yanke"	"5.248170006352249E-4"
"#worldnew"	"5.248170006352249E-4"
"news_magaz"	"5.248170006352249E-4"
"_rio_grande_do_sl"	"5.248170006352249E-4"
"780"	"5.248170006352249E-4"
"flagstaff"	"5.248170006352249E-4"
"underwa"	"5.248170006352249E-4"
"kirst"	"5.248170006352249E-4"
"incluy"	"5.248170006352249E-4"
"news]"	"5.248170006352249E-4"
"dava"	"5.248170006352249E-4"
"outer_spac"	"5.248170006352249E-4"
"_arkans"	"5.248170006352249E-4"
"responder"	"5.248170006352249E-4"
"accompan"	"5.248170006352249E-4"
"–ø–æ–æ–±–µ—â–∞–ª"	"5.248170006352249E-4"
"motorcycl"	"5.248170006352249E-4"
"bisay"	"5.248170006352249E-4"
"—Ä–æ–º–∞–Ω—Ç–∏–∫"	"5.248170006352249E-4"
"alg"	"5.248170006352249E-4"
"deceas"	"5.248170006352249E-4"
