"NumberOfHashTag"	"0.10892457490221275"
"cost"	"0.05881177397973725"
"NumberOfNouns"	"0.046819653495484004"
"ric"	"0.04456552562267002"
"atlantic_ocean"	"0.03877417720403553"
"caribbean_se"	"0.037991231501493306"
"costa_ric"	"0.037502491735558086"
"central_american_countr"	"0.03604740157175468"
"panam"	"0.03592332909977081"
"collaps"	"0.03335511412404135"
"terremot"	"0.03151652120778581"
"TweetLength"	"0.02746636856516116"
"fir"	"0.02636764283728532"
"7"	"0.025943542412261267"
"#earthquak"	"0.025382729683809946"
"NumberOfVerbs"	"0.025157720368038428"
"structural_integrity_and_failur"	"0.024365096034238642"
"coast"	"0.023347851811006404"
"wealth"	"0.02271975030562212"
"financial_condit"	"0.02271975030562212"
"inform"	"0.022608155194548174"
"#redoctober"	"0.022490853119215393"
"event_"	"0.021497047496356725"
"build"	"0.02095242343709891"
"NumberOfWords"	"0.020775192464199566"
"shor"	"0.02033779568915528"
"phenomenon"	"0.020164855554245076"
"anatomical_structur"	"0.020098325805640083"
"natural_disaster"	"0.019783773978816255"
"econom"	"0.018523663669361645"
"failur"	"0.01841102777632686"
"percept"	"0.018344391644872005"
"economic_system"	"0.017704484383916586"
"philosoph"	"0.017211590839115942"
"geological_phenomenon"	"0.017117399788816434"
"flood"	"0.017024205150706462"
"tsunami_warning_system"	"0.0162668286371207"
"rt"	"0.016092985616493083"
"capit"	"0.015659972897219654"
"water"	"0.015389175255445253"
"tol"	"0.015300505634734063"
"countr"	"0.014439674533903157"
"nat"	"0.014312496939529407"
"#bangladesh"	"0.01354376715140071"
"#colorad"	"0.013073826677715616"
"industrial_pl"	"0.012859414350029907"
"hydrolog"	"0.012784573575807645"
"disaster"	"0.012180859970016278"
"fe"	"0.012054618471898704"
"conflagr"	"0.011961013917500374"
"hit"	"0.011944272538776501"
"factor"	"0.011889161241248725"
"rain"	"0.011830691704866614"
"australian_st"	"0.01179696415421183"
"victim"	"0.011704941430788818"
"industrial_architectur"	"0.0114377988451142"
"injur"	"0.011425692243404395"
"hap"	"0.011339904728862371"
"river"	"0.010992058779979996"
"warn"	"0.010535179355027124"
"wildfir"	"0.010400711332401502"
"death_tol"	"0.010085547653269411"
"affect"	"0.009411019306548196"
"typhoon"	"0.009085414072291353"
"tsunam"	"0.00895337055195955"
"landform"	"0.008937773221996737"
"process_"	"0.008897301610701014"
"wav"	"0.008525275634624574"
"hurrican"	"0.008495257338001272"
"cyclon"	"0.008319061514196813"
"quak"	"0.008229526427691813"
"_rock_island_and_pacific_railroad"	"0.00808701679278101"
"pennsylvania_railroad"	"0.00808701679278101"
"californ"	"0.00808701679278101"
"southern_pacific_transportation_compan"	"0.00808701679278101"
"cover"	"0.007847268312000999"
"energ"	"0.007781291999739759"
"9"	"0.007752439995401317"
"chang"	"0.00773636118247456"
"sism"	"0.007667229853506319"
"sand"	"0.007654933077821835"
"minor_planet"	"0.0075554346288099206"
"estraterrestrial_bod"	"0.007502309271675167"
"propers"	"0.007358845683221205"
"new_south_wal"	"0.007331891262550183"
"geolog"	"0.007327186635797012"
"earthquak"	"0.0072592027243028046"
"#pabl"	"0.007040355221085148"
"chicag"	"0.007024636770798565"
"meteor"	"0.007001815109971776"
"tra"	"0.006997454629015687"
"combust"	"0.006994013290952061"
"strong"	"0.006983210639624815"
"unfortun"	"0.006962345002959336"
"dead"	"0.006923083281167974"
"guatemal"	"0.006854056855675306"
"2010_haiti_earthquak"	"0.006823400670695423"
"geophys"	"0.006823400670695423"
"oxid"	"0.006815195906495486"
"oscil"	"0.006806895029983551"
"alers"	"0.006724649865824883"
"astronom"	"0.006717981662536454"
"mater"	"0.006710832209457784"
"prayer"	"0.006662148329291906"
"rus"	"0.006645163040994051"
"geograph"	"0.006582491878614372"
"bus"	"0.006448680429856024"
"death"	"0.006424835875780688"
"#nswfir"	"0.006417994059969012"
"settl"	"0.006401679713861852"
"queensland"	"0.0063276004217122095"
"comput"	"0.006303351099253396"
"NumberOfPronouns"	"0.006242656683472458"
"time_zon"	"0.006065485617014477"
"evacu"	"0.0060648286565418985"
"mov"	"0.006043676524610686"
"cre"	"0.005934897968242314"
"inf"	"0.005922669879917408"
"gmt"	"0.0058749388888654774"
"impel"	"0.005836178268545766"
"greenwich_mean_tim"	"0.00570667391535562"
"laugh"	"0.005705693512115251"
"en"	"0.005704992881058413"
"composit"	"0.0056124353344108036"
"social_group"	"0.005549080332513112"
"forc"	"0.005506785198417408"
"broadcast"	"0.005412951841915037"
"upd"	"0.005276189387156127"
"glasgow"	"0.005229466282590578"
"strik"	"0.005229466282590578"
"september"	"0.005225253756812043"
"#russianmeteor"	"0.005115137475526166"
"fuers"	"0.005102044127870742"
"biolog"	"0.005058002113338511"
"risk"	"0.004914715833987837"
"terminolog"	"0.004892723649657094"
"2012"	"0.004842738470401953"
"explos"	"0.004813815024411694"
"il"	"0.004808979769214683"
"mathemat"	"0.004804867307021343"
"grado"	"0.004797269839950213"
"misfortun"	"0.004766425157373355"
"austral"	"0.004751265468500576"
"typhoon_boph"	"0.004687578314418239"
"qld"	"0.00463939518830081"
"afghanistan"	"0.004581621378856315"
"000"	"0.004531975358687879"
"thos"	"0.004531975358687879"
"time_standard"	"0.004529176678837454"
"ris"	"0.004525189596486512"
"【#usg"	"0.004514854501998511"
"peopl"	"0.004508925255112262"
"diplom"	"0.004488136502854179"
"cris"	"0.0044860660545478215"
"rescuer"	"0.0044276288909987915"
"#méxic"	"0.004404844722691648"
"los_angel"	"0.004378771200954534"
"matter"	"0.004362013208323412"
"#prayfromjapan"	"0.00434605150882017"
"collapse:"	"0.0043202286749807195"
"hurt"	"0.00430157513931595"
"pra"	"0.004300632662853854"
"report"	"0.004253386025087957"
"#地震"	"0.0042281130924227694"
"#mus"	"0.0042281130924227694"
"#jishin"	"0.004177565573378894"
"ap_"	"0.00415263758791351"
"alter"	"0.004124968142779517"
"thermodynam"	"0.004113503776452143"
"princ"	"0.004051426464197649"
"shooter"	"0.004030975171958606"
"volunteer"	"0.00398538198183418"
"phys"	"0.003984260928342698"
"shoot"	"0.003948845717167027"
"destro"	"0.003927674580778695"
"secular_st"	"0.0038867501829159545"
"richter"	"0.0038802258023096226"
"sacrific"	"0.0038802258023096226"
"textile_industr"	"0.0038802258023096226"
"#losangel"	"0.0038747848141775787"
"materi"	"0.003872274535132836"
"worship"	"0.0038581477100868566"
"chemister"	"0.0038516769323333477"
"emerg"	"0.003851160373791296"
"higher_cognitive_proces"	"0.003851160373791296"
"#guatemal"	"0.0038360758459734523"
"ha"	"0.00382745686294117"
"int"	"0.0038004517464343968"
"volum"	"0.003764176660146723"
"chin"	"0.0037451989860726176"
"textile_mil"	"0.0037202622168002186"
"swed"	"0.00370987142905832"
"#l"	"0.0036981881185439436"
"islamic_republ"	"0.003674207871732893"
"entertainm"	"0.003665786090514711"
"sci"	"0.0036447802872090485"
"faith"	"0.0036201819244502387"
"gam"	"0.0036016266286703624"
"art"	"0.0035985401564579966"
"news_ag"	"0.003567588444077119"
"atmospheric_phenomenon"	"0.0035515720262971895"
"#banglaspr"	"0.0035216363534998907"
"#bestrapper"	"0.0035216363534998907"
"0"	"0.0035203268174854863"
"#highparkfir"	"0.0035170050444900403"
"rica:"	"0.003503862024468396"
"involut"	"0.003503862024468396"
"#sism"	"0.0034786295242216214"
"commun"	"0.0034654056570592173"
"polic"	"0.0034638662129283793"
"rechtsstaat"	"0.0034376386009941085"
"suspect"	"0.003427088019416158"
"hous"	"0.003417426800940704"
"#philip"	"0.003411806314860155"
"pub"	"0.0034020857379730707"
"hundreds_"	"0.003396949877540578"
"hundred"	"0.003396949877540578"
"update:"	"0.003396949877540578"
"behavior"	"0.003391985899376282"
"laborer"	"0.0033801136225383166"
"consumer_good"	"0.0033466627755129874"
"hah"	"0.003340624765291955"
"discharg"	"0.003336882320402079"
"gift"	"0.0033219891142375335"
"aid"	"0.00330897867082669"
"@"	"0.003244343206101785"
"everyon"	"0.0031779462222412125"
"#alert】"	"0.0031745168889815156"
"hom"	"0.003174401999103349"
"devast"	"0.0031549513507913574"
"weather"	"0.0031488664403825917"
"thought"	"0.003105802497445409"
"nsw"	"0.00309324338887651"
"singer"	"0.0030892769879652393"
"land"	"0.0030281386496282536"
"lov"	"0.0030205921342086883"
"city_"	"0.0029922504042142473"
"las_veg"	"0.0029922504042142473"
"#saiga"	"0.0029922504042142473"
"human_sexu"	"0.0029922504042142473"
"king"	"0.0029922504042142473"
"2013_glasgow_helicopter_crash"	"0.002977150206119772"
"marbl"	"0.002977150206119772"
"dam"	"0.0029650957717261006"
"islam"	"0.0029502595895670725"
"auditory_communic"	"0.0029502595895670725"
"expressão_idiomátic"	"0.0029475250605798253"
"abod"	"0.002945061129879023"
"ordinalskal"	"0.002929793897358257"
"intervallskal"	"0.002929793897358257"
"richter_scal"	"0.002929793897358257"
"cities_of_japan"	"0.002929793897358257"
"landlocked_countr"	"0.0029004939066793467"
"united_kingdom"	"0.0028805501410816836"
"ou_nederlandse_maandnam"	"0.0028782481544135097"
"reuter"	"0.0028473878129855468"
"the_game_"	"0.0028438526141280063"
"mind_gam"	"0.0028438526141280063"
"bear_on"	"0.00284242694476311"
"#initialsofsomeonespec"	"0.0028158781239381314"
"#se"	"0.0028158781239381314"
"lap"	"0.0028158781239381314"
"fad"	"0.0028158781239381314"
"touch"	"0.0028110049611501653"
"caribbean"	"0.002809414393717402"
"low_explos"	"0.0028085300991972373"
"garm"	"0.0028072394613910534"
"law_enforcement_ag"	"0.002804415261894233"
"sever"	"0.002801668674463631"
"blu"	"0.002801668674463631"
"laughter"	"0.0027934531392925788"
"ar"	"0.002791602062674592"
"sta"	"0.0027827591318179135"
"celestial_ev"	"0.0027738807141698407"
"rav"	"0.0027738807141698407"
"savar"	"0.0027738807141698407"
"lol"	"0.0027641073544377726"
"drinking_establishm"	"0.002739135387953673"
"recre"	"0.0027130495203750993"
"el_salvador"	"0.0027113067662732915"
"#job"	"0.002679385543203794"
"port"	"0.0026700763039355646"
"#shahbag"	"0.0026647791809121246"
"sacud"	"0.002662496968221184"
"#sf"	"0.0026395506555502157"
"cuff"	"0.0026395506555502157"
"dog_typ"	"0.0026395506555502157"
"encycloped"	"0.0026395506555502157"
"#blog"	"0.0026395506555502157"
"heterarch"	"0.0026395506555502157"
"california:"	"0.0026395506555502157"
"#turnup"	"0.0026395506555502157"
"internet_encycloped"	"0.0026395506555502157"
"wikimedia_project"	"0.0026395506555502157"
"destroy"	"0.002626231640883825"
"trap"	"0.002626231640883825"
"god"	"0.0026258840932060767"
"temblor"	"0.0026188229480469394"
"civil_servic"	"0.002596562259338464"
"demonstr"	"0.0025823780880961378"
"gregorian_calendar_month"	"0.0025691172821308284"
"academic_degre"	"0.00256652621319875"
"graduated_t"	"0.0025610037604367752"
"leav"	"0.002528143013170947"
"#west"	"0.0025162514677166126"
"#filipin"	"0.002515565874291581"
"month"	"0.0025079706676095492"
"power"	"0.0025020938467429366"
"#waldocanyonfir"	"0.0024995689906900376"
"mor"	"0.0024867479313166463"
"accolad"	"0.002471699513723169"
"civil_serv"	"0.002471699513723169"
"quant"	"0.0024685869092690993"
"tavern"	"0.002464689725480862"
"statutory_author"	"0.002464689725480862"
"member_state_of_the_union_of_south_american_n"	"0.002464689725480862"
"group_11_el"	"0.0024632679753751052"
"mp3_blog"	"0.0024632679753751052"
"#oakland"	"0.0024632679753751052"
"#veg"	"0.0024632679753751052"
"#wp"	"0.0024632679753751052"
"#sm"	"0.0024632679753751052"
"#oc"	"0.0024632679753751052"
"#cal"	"0.0024632679753751052"
"cali_"	"0.0024632679753751052"
"region:"	"0.0024632679753751052"
"royalt"	"0.0024632679753751052"
"search_engine_optim"	"0.0024632679753751052"
"#bayare"	"0.0024632679753751052"
"magnitud"	"0.0024630505398041125"
"aerosol"	"0.0024518065410171763"
"@nswrfs:"	"0.002450839081931222"
"floods:"	"0.002450839081931222"
"vi"	"0.002441561490557076"
"chemical_subst"	"0.002411379419755888"
"vide"	"0.0023934580592869237"
"#temblorcr"	"0.0023911360335565623"
"concept"	"0.0023741124160846505"
"delug"	"0.0023702931250352277"
"reflec"	"0.0023688527475359544"
"don"	"0.0023619255224879288"
"pleas"	"0.0023566010802407167"
"#savebangladesh"	"0.0023524570887787366"
"new_jerse"	"0.0023524570887787366"
"follower"	"0.0023524570887787366"
"earth"	"0.0023426697068659186"
"approach"	"0.002337351582082703"
"bushfires_in_austral"	"0.002337351582082703"
"express_emot"	"0.00232845393813097"
"industr"	"0.002323015455560462"
"remain"	"0.002322934376456365"
"binary_compound"	"0.002316729194441036"
"new_south_wales_rural_fire_servic"	"0.0023115594216435165"
"girl"	"0.002298908472288308"
"kind"	"0.002298908472288308"
"human"	"0.0022881534409104898"
"#worldser"	"0.002287030059748618"
"推定"	"0.002287030059748618"
"amount"	"0.002279322258748495"
"@breakingnews:"	"0.002275490974156913"
"#bushfir"	"0.002275490974156913"
"cluth"	"0.002275490974156913"
"group"	"0.002275124377456139"
"athles"	"0.0022642697527436306"
"#helicopter"	"0.0022558440963823534"
"_"	"0.0022558440963823534"
"tim"	"0.00224092708492718"
"de"	"0.0022280732180431917"
"wak"	"0.0022094397396718035"
"describ"	"0.002196354312171689"
"qualif"	"0.002196354312171689"
"danger"	"0.002192774907006867"
"haiyan"	"0.002175918828441148"
"cros"	"0.0021595213881896447"
"ts"	"0.0021595213881896447"
"indones"	"0.0021591424985526464"
"#costaric"	"0.002124048602483275"
"[詳細]"	"0.0021108368850304426"
"■■緊急地震速報"	"0.0021108368850304426"
"■■"	"0.0021108368850304426"
"@zishin3255:"	"0.0021108368850304426"
"#cardinaln"	"0.0021108368850304426"
"ufficio_"	"0.002101833589440827"
"dirit"	"0.002101833589440827"
"#quak"	"0.002100937775079137"
"multipl"	"0.0021001872941430744"
"change_integr"	"0.0021001872941430744"
"vowel_break"	"0.0021001872941430744"
"region_of_the_philip"	"0.0021001872941430744"
"@ap:"	"0.0021001872941430744"
"ingredi"	"0.0020896229088022134"
"defender"	"0.0020896229088022134"
"firefighter"	"0.002080443222008843"
"rescu"	"0.0020712373110406412"
"found"	"0.002066134176559431"
"survivor"	"0.002060900889024442"
"break"	"0.0020555111997212494"
"municip"	"0.0020532591797693955"
"#earthquake:"	"0.002028681617318062"
"mad"	"0.0020175332652412337"
"countries_of_the_united_kingdom"	"0.0020153579218924467"
"sacudió"	"0.0020153579218924467"
"bbc"	"0.0020086781047783386"
"request_tracker"	"0.0020028199041205452"
"saf"	"0.0019934148711080457"
"labour"	"0.0019826602847107244"
"job"	"0.0019826602847107244"
"displac"	"0.001977349763933378"
"fil"	"0.001974896350832589"
"episcop"	"0.0019725863153415846"
"burn"	"0.001960352115239483"
"pakistan"	"0.0019346884276005838"
"#cardin"	"0.0019346884276005838"
"ko"	"0.0019346884276005838"
"region_of_papua_new_guine"	"0.0019346884276005838"
"islands_reg"	"0.0019346884276005838"
"@earthquake_jp:"	"0.0019346884276005838"
"#temblor♨"	"0.0019346884276005838"
"playoff"	"0.0019346884276005838"
"131106"	"0.0019346884276005838"
"mb"	"0.0019346884276005838"
"enlisted_person"	"0.0019343574782834105"
"bel"	"0.001932397073126979"
"stream"	"0.001932397073126979"
"http:/"	"0.0019249280184903128"
"@ap"	"0.0019249280184903128"
"area_unit"	"0.0019249280184903128"
"regulation_of_interception_of_communications_and_provision_of_communication-related_information_act"	"0.0019249280184903128"
"bles"	"0.0019249280184903128"
"recoverer"	"0.0019249280184903128"
"2013_savar_building_collaps"	"0.0019249280184903128"
"_2002"	"0.0019249280184903128"
"unmak"	"0.0019249280184903128"
"rican"	"0.0019249280184903128"
"#lac"	"0.0019212298354152058"
"transportation_security_administer"	"0.0019183493371001115"
"modif"	"0.0019183493371001115"
"pla"	"0.001913804831334187"
"tournam"	"0.0018733673276221108"
"por"	"0.0018689567423556541"
"wikiped"	"0.0018682057073601266"
"hahah"	"0.0018682057073601266"
"pacific_ocean"	"0.0018671355916609622"
"kil"	"0.0018645431151644853"
"daño"	"0.0018591478854931287"
"connect"	"0.0018557724467462844"
"casualt"	"0.0018557724467462844"
"police_avi"	"0.0018557724467462844"
"thre"	"0.0018557724467462844"
"yacht_club"	"0.0018557724467462844"
"chemical_compound"	"0.001855227128461756"
"physical_quant"	"0.001841701042299082"
"distribut"	"0.0018394173303135641"
"stil"	"0.001832344184810486"
"http://t"	"0.0018285678506063663"
"shak"	"0.0018271679077406233"
"confirm"	"0.0018257374321652975"
"5"	"0.0018050093830054292"
"3"	"0.0018050093830054292"
"metropol"	"0.0017956225572024476"
"100"	"0.0017773483430516546"
"statutory_corpor"	"0.0017773483430516546"
"acros"	"0.0017773483430516546"
"spectral_color"	"0.001773196352930273"
"@cardin"	"0.001758584663849927"
"war_crim"	"0.001758584663849927"
"#12in13"	"0.001758584663849927"
"#deprem"	"0.001758584663849927"
"world_ser"	"0.001758584663849927"
"_massachuses"	"0.001758584663849927"
"co/exjb4v0rbx"	"0.001758584663849927"
"deprem"	"0.001758584663849927"
"bever"	"0.001758584663849927"
"mental_proces"	"0.001756721731129951"
"definite_integr"	"0.0017540394331415632"
"liquid"	"0.0017540394331415632"
"fal"	"0.0017540394331415632"
"@nswrf"	"0.0017497131238083385"
"scotland"	"0.0017497131238083385"
"british_imperial_system"	"0.0017497131238083385"
"#breaking:"	"0.0017497131238083385"
"réplic"	"0.0017497131238083385"
"hub"	"0.0017497131238083385"
"allevi"	"0.0017497131238083385"
"backwash"	"0.0017497131238083385"
"immedi"	"0.0017497131238083385"
"alask"	"0.0017349528148981053"
"island"	"0.0017312126943161976"
"whit"	"0.0017243967009962224"
"object"	"0.0017232528331266872"
"-"	"0.001711601810253538"
"constituent_countr"	"0.001711068321519571"
"pabl"	"0.0017107468082454558"
"relief"	"0.0017107468082454558"
"inexperienced_person"	"0.0017088299045759925"
"latest"	"0.0017055474587756025"
"clutha_"	"0.0017055474587756025"
"recov"	"0.0017030972185310134"
"author"	"0.0016992974238063674"
"cloth"	"0.001697830994618399"
"destruc"	"0.0016972867651811052"
"red_cros"	"0.0016972867651811052"
"500"	"0.0016972867651811052"
"rubbl"	"0.0016972867651811052"
"aec_regent_iii_rt"	"0.001685371472504249"
"produc"	"0.0016681337411417196"
"communic"	"0.0016667876571978546"
"#pabloph"	"0.0016531519067299882"
"shahbag"	"0.0016522665347618037"
"sad"	"0.0016404667875525858"
"sydne"	"0.0016404667875525858"
"#nswrf"	"0.00163804209103513"
"cit"	"0.001624029433891394"
"competit"	"0.0016156546107745084"
"workplace_conflict"	"0.0016005331558528457"
"shower"	"0.0016005331558528457"
"job_act"	"0.0016005331558528457"
"boph"	"0.0016005331558528457"
"resident"	"0.0016005331558528457"
"harm"	"0.0016005331558528457"
"ec"	"0.0015891717042014752"
"baseball_team"	"0.0015825255701988894"
"#lca2013"	"0.0015825255701988894"
"#siegedhak"	"0.0015825255701988894"
"united_states_armed_forc"	"0.0015825255701988894"
"mixtap"	"0.0015825255701988894"
"magnitude  mb"	"0.0015825255701988894"
"identif"	"0.0015808950420130863"
"resourc"	"0.0015808950420130863"
"—"	"0.0015808950420130863"
"support"	"0.0015805250614469024"
"#cebu"	"0.0015770383454043468"
"6-magnitud"	"0.0015745425867366158"
"evacue"	"0.0015745425867366158"
"benefact"	"0.0015745425867366158"
"hydrographic_and_oceanographic_service_of_the_chilean_nav"	"0.0015745425867366158"
"@stcom:"	"0.0015745425867366158"
"haiyan:"	"0.0015745425867366158"
"canton_of_costa_ric"	"0.0015745425867366158"
"flood_warn"	"0.0015745425867366158"
"ural"	"0.0015745425867366158"
"magnitude-7"	"0.0015745425867366158"
"avail"	"0.0015745425867366158"
"conjur"	"0.0015745425867366158"
"300"	"0.0015745425867366158"
"floods_in_austral"	"0.0015745425867366158"
"go_out"	"0.0015646007145493357"
"meteor_shower"	"0.0015646007145493357"
"grad"	"0.0015646007145493357"
"muslim"	"0.0015507053077054023"
"tradit"	"0.0015507053077054023"
"ther"	"0.0015459576616458914"
"rib"	"0.0015400519761644693"
"según"	"0.0015400519761644693"
"roof"	"0.0015400519761644693"
"sequ"	"0.0015325235786356473"
"channel"	"0.0015181082466672047"
"compan"	"0.001516368589088768"
"natural_langu"	"0.0015150134325560005"
"mak"	"0.0015069738901452023"
"valle"	"0.001500596565871537"
"rt_"	"0.0014936727546221995"
"cardin"	"0.0014877668915382891"
"categor"	"0.001484340362565173"
"encounter"	"0.0014756263506797707"
"condit"	"0.0014638354058058578"
"issue_tracking_system"	"0.0014638354058058578"
"profes"	"0.0014636929194432602"
"transcontinental_countr"	"0.0014606955832304758"
"great_power"	"0.0014606955832304758"
"imag"	"0.0014600041987151702"
"cinema_of_the_united_st"	"0.001459137672615629"
"measure_"	"0.001445115493906024"
"spring"	"0.0014439831603118014"
"6"	"0.0014377132240472879"
"virgin"	"0.0014314830605555162"
"monothe"	"0.0014314830605555162"
"par"	"0.0014306570796602802"
"caus"	"0.0014210124089327758"
"400"	"0.0014199358645088367"
"news:"	"0.0014199358645088367"
"tourist_attract"	"0.0014199313801815938"
"#boulderflood"	"0.001417552735140326"
"building_mater"	"0.001406511123080878"
"go=&gt"	"0.001406511123080878"
"#pakistan"	"0.001406511123080878"
"#breaking】"	"0.001406511123080878"
"naman"	"0.001406511123080878"
"xd"	"0.001406511123080878"
"#lov"	"0.001406511123080878"
"decision_mak"	"0.001406511123080878"
"alaska:"	"0.001406511123080878"
"pearl_jam_album"	"0.001406511123080878"
"深さ10km"	"0.001406511123080878"
"billionair"	"0.001406511123080878"
"service_on_internet"	"0.001406511123080878"
"最大震度"	"0.001406511123080878"
"@td_deportes:"	"0.001406511123080878"
"bachelor"	"0.001406511123080878"
"south_american_countr"	"0.0014046872984992964"
"explosion_"	"0.0013994163839362583"
"basic_train"	"0.0013994163839362583"
"fire:"	"0.0013994163839362583"
"bno_new"	"0.0013994163839362583"
"meteorite_fal"	"0.0013994163839362583"
"carib"	"0.0013994163839362583"
"condol"	"0.0013994163839362583"
"#nsw"	"0.0013994163839362583"
"greek_cros"	"0.0013994163839362583"
"perú"	"0.0013994163839362583"
"newsfeed"	"0.0013994163839362583"
"forest_fir"	"0.0013994163839362583"
"central_rus"	"0.0013994163839362583"
"evacuee"	"0.0013994163839362583"
"appris"	"0.0013994163839362583"
"transgres"	"0.0013940180146279069"
"paul_the_apostl"	"0.0013940180146279069"
"megaregions_of_the_united_st"	"0.0013940180146279069"
"black"	"0.0013940180146279069"
"san_francisco_bay_are"	"0.0013940180146279069"
"central_californ"	"0.0013940180146279069"
"#pasthour"	"0.0013940180146279069"
"southern_californ"	"0.0013940180146279069"
"noble_metal"	"0.0013940180146279069"
"voluntary_act"	"0.0013940180146279069"
"#cd"	"0.0013940180146279069"
"anti-social_behaviour"	"0.0013940180146279069"
"body_of_chr"	"0.0013940180146279069"
"archipelag"	"0.0013930197761944374"
"chelyabinsk_meteor"	"0.0013866757145690745"
"near-earth_aster"	"0.0013866757145690745"
"slavic_langu"	"0.0013847852144273087"
"worst"	"0.0013842541777913109"
"aw"	"0.0013842541777913109"
"@tobeymonster"	"0.0013842541777913109"
"health"	"0.0013842541777913109"
"explod"	"0.0013842541777913109"
"pacífic"	"0.0013842541777913109"
"http:"	"0.0013842541777913109"
"atroc"	"0.0013842541777913109"
"natural_person"	"0.001376089522682089"
"misadventur"	"0.001365204191220104"
"migr"	"0.001365204191220104"
"bishop"	"0.0013577806053295394"
"international_organ"	"0.001356584670538008"
"#new"	"0.001356584670538008"
"member_state_of_the_united_n"	"0.0013537045613754017"
"shot"	"0.0013426484995345822"
"change_of_integr"	"0.0013418417011078487"
"plumbing_fixtur"	"0.0013418417011078487"
"structur"	"0.0013377925185633632"
"hop"	"0.0013365733919007416"
"ap"	"0.0012934747660833246"
"traged"	"0.0012934747660833246"
"system"	"0.001292541596142338"
"find"	"0.0012883570422660418"
"direct"	"0.0012883570422660418"
"gold"	"0.0012879588162032496"
"afric"	"0.0012879588162032496"
"loc"	"0.0012791618342827826"
"middle_school"	"0.0012773017413771903"
"subsister"	"0.0012773017413771903"
"invoc"	"0.0012773017413771903"
"technolog"	"0.0012734242775612747"
"actu"	"0.0012716266915832053"
"primary_color"	"0.0012672005585248058"
"crash"	"0.0012637512824315023"
"|"	"0.0012606450307821593"
"network"	"0.001256467415676643"
"analog_sign"	"0.0012537833474984827"
"bar"	"0.001244584362791179"
"bequest"	"0.001239000847608751"
"card"	"0.001239000847608751"
"ges"	"0.0012386587065064125"
"acoustic_wav"	"0.0012347983352116731"
"breaking:"	"0.001232089773917866"
"usg"	"0.001232089773917866"
"independent_ag"	"0.001232089773917866"
"bush"	"0.001232089773917866"
"fak"	"0.0012305412989528364"
"震源地"	"0.0012305412989528364"
"southeast_alask"	"0.0012305412989528364"
"troop"	"0.0012305412989528364"
"argentin"	"0.0012305412989528364"
"#hasin"	"0.0012305412989528364"
"#sk"	"0.0012305412989528364"
"flower"	"0.0012305412989528364"
"ak"	"0.0012305412989528364"
"coutur"	"0.0012305412989528364"
"#syr"	"0.0012305412989528364"
"zambezi_reg"	"0.0012305412989528364"
"_alask"	"0.0012305412989528364"
"#revolut"	"0.0012305412989528364"
"package_"	"0.0012305412989528364"
"norte_reg"	"0.0012305412989528364"
"birthda"	"0.0012305412989528364"
"#anonym"	"0.0012305412989528364"
"indepens"	"0.0012305412989528364"
"package_management_system"	"0.0012305412989528364"
"wag"	"0.0012305412989528364"
"#hondur"	"0.0012305412989528364"
"world_wide_web"	"0.0012305412989528364"
"click"	"0.0012305412989528364"
"aggres"	"0.0012305412989528364"
"#myanmar"	"0.0012305412989528364"
"northern_californ"	"0.0012305412989528364"
"trag"	"0.001230126192547365"
"compens"	"0.001230126192547365"
"abov"	"0.001230126192547365"
"utc"	"0.0012295886686496393"
"ideolog"	"0.0012295886686496393"
"escap"	"0.001224334492070489"
"flash_flood"	"0.001224334492070489"
"rins"	"0.001224334492070489"
"news_confer"	"0.001224334492070489"
"forest"	"0.001224334492070489"
"@reuters:"	"0.001224334492070489"
"magnetic_dip"	"0.001224334492070489"
"confront"	"0.001224334492070489"
"39"	"0.001224334492070489"
"pagas"	"0.001224334492070489"
"@nswfire:"	"0.001224334492070489"
"@7newsbrisbane:"	"0.001224334492070489"
"sl"	"0.001224334492070489"
"waldo_canyon_fir"	"0.001224334492070489"
"metro_manil"	"0.001224334492070489"
"squeez"	"0.001224334492070489"
"chilean"	"0.001224334492070489"
"inund"	"0.001224334492070489"
"@newearthquake:"	"0.001224334492070489"
"muerto"	"0.00121624621723615"
"deliver"	"0.00121624621723615"
"blast"	"0.00121624621723615"
"complejo_refinador_de_amua"	"0.0012159332073371498"
"scar"	"0.0012159332073371498"
"clos"	"0.0012151359367473802"
"bangladesh"	"0.0012098805424159975"
"rock"	"0.0011972607144550285"
"haz"	"0.0011894690532754382"
"film"	"0.0011786588829926226"
"architectur"	"0.0011606499111593838"
"savar_upazil"	"0.0011606499111593838"
"outcom"	"0.0011606499111593838"
"upazil"	"0.0011606499111593838"
"famil"	"0.0011606499111593838"
"institut"	"0.0011592743430272057"
"fun"	"0.0011492528277409209"
"#mexic"	"0.0011467410967218594"
"omg"	"0.0011467410967218594"
"ball_gam"	"0.0011467410967218594"
"political_ideolog"	"0.0011467410967218594"
"#falcon"	"0.0011467410967218594"
"wors"	"0.0011369738297497545"
"pressure_unit"	"0.0011369738297497545"
"central_american"	"0.0011369738297497545"
"richter_"	"0.0011369738297497545"
"unit_of_pressur"	"0.0011369738297497545"
"bon"	"0.0011369738297497545"
"costa_rican"	"0.0011369738297497545"
"crew"	"0.0011369738297497545"
"agent"	"0.0011369738297497545"
"fu"	"0.0011350083423805613"
"assist"	"0.0011307752436962026"
"heavenly_bod"	"0.0011211418996620592"
"al"	"0.0011139537130969712"
"descens"	"0.001113702736789235"
"threat"	"0.001113702736789235"
"depth:"	"0.0011121790441949164"
"fruit"	"0.0011121790441949164"
"humour"	"0.0011121790441949164"
"sociolog"	"0.0011110065165720329"
"4"	"0.0011016387806255246"
"#prayfortic"	"0.0011015182234539456"
"video:"	"0.0010985557565377224"
"physical_phenomenon"	"0.0010985557565377224"
"center"	"0.0010985557565377224"
"continu"	"0.0010980952616278516"
"electronic_med"	"0.0010980952616278516"
"state_capit"	"0.0010965148793574686"
"boston_marathon_bomb"	"0.001092625526809221"
"come_about"	"0.0010876435529110218"
"con"	"0.0010869185578161744"
"amua"	"0.0010859517606639502"
"compes"	"0.0010859504449635127"
"#c"	"0.0010859504449635127"
"soldi"	"0.0010859504449635127"
"sleep"	"0.0010859504449635127"
"cities_and_metropolitan_areas_of_the_united_st"	"0.0010859504449635127"
"partid"	"0.0010859504449635127"
"mund"	"0.0010859504449635127"
"syr"	"0.0010859504449635127"
"til"	"0.0010859504449635127"
"sinit"	"0.0010859504449635127"
"protester"	"0.0010859504449635127"
"acquisit"	"0.0010859504449635127"
"throw"	"0.0010859504449635127"
"valu"	"0.00108244979238592"
"social_st"	"0.00108244979238592"
"television_st"	"0.0010819334988368956"
"carry_through"	"0.0010779646589709202"
"wreck"	"0.0010779646589709202"
"ter"	"0.0010779646589709202"
"bundaberg"	"0.0010779646589709202"
"cop"	"0.0010779646589709202"
"200"	"0.0010779646589709202"
"pounds_per_square_inch"	"0.0010779646589709202"
"improv"	"0.0010779646589709202"
"fox_news_channel"	"0.0010779646589709202"
"sign"	"0.0010605431760526418"
"stock_character"	"0.0010577366037819447"
"remov"	"0.00105659384577661"
"genoc"	"0.0010546160742831434"
"fertilizant"	"0.0010546160742831434"
"independenc"	"0.0010546160742831434"
"mineral_resourc"	"0.0010546160742831434"
"s_compens"	"0.0010546160742831434"
"suicide_bomber"	"0.0010546160742831434"
"suicide_bomb"	"0.0010546160742831434"
"music_artist_"	"0.0010546160742831434"
"royal_and_noble_rank"	"0.0010546160742831434"
"#blacknight"	"0.0010546160742831434"
"sil"	"0.0010546160742831434"
"@byers_brian:"	"0.0010546160742831434"
"#stlcard"	"0.0010546160742831434"
"【"	"0.0010546160742831434"
"#denver"	"0.0010546160742831434"
"september_11"	"0.0010546160742831434"
"最終報"	"0.0010546160742831434"
"#ind"	"0.0010546160742831434"
"第1報"	"0.0010546160742831434"
"#islam"	"0.0010546160742831434"
"tifón"	"0.0010546160742831434"
"persian_peopl"	"0.0010546160742831434"
"aircraft_hijack"	"0.0010546160742831434"
"#災害"	"0.0010546160742831434"
"#rt"	"0.0010546160742831434"
"#fam"	"0.0010546160742831434"
"winner"	"0.0010546160742831434"
"entertain"	"0.0010546160742831434"
"_louis_cardin"	"0.0010546160742831434"
"workm"	"0.0010546160742831434"
"::"	"0.0010546160742831434"
"magn"	"0.0010546160742831434"
":-"	"0.0010546160742831434"
"terrorist_attack"	"0.0010546160742831434"
"ferrar"	"0.0010546160742831434"
"acr"	"0.0010492968878391684"
"high_school"	"0.0010492968878391684"
"arrang"	"0.0010492968878391684"
"32"	"0.0010492968878391684"
"rainfal"	"0.0010492968878391684"
"@612brisban"	"0.0010492968878391684"
"pin_down"	"0.0010492968878391684"
"state_of_matter"	"0.0010492968878391684"
"fetoprotein"	"0.0010492968878391684"
"2013_los_angeles_international_airport_shoot"	"0.0010492968878391684"
"diseased_person"	"0.0010492968878391684"
"@abscbnnews:"	"0.0010492968878391684"
"build_in"	"0.0010492968878391684"
"american_band"	"0.0010492968878391684"
"afp"	"0.0010492968878391684"
"ecosystem"	"0.0010492968878391684"
"blue_mountains_"	"0.0010492968878391684"
"bless_you"	"0.0010492968878391684"
"fram"	"0.0010492968878391684"
"@qpsmedia:"	"0.0010492968878391684"
"eastern_states_of_austral"	"0.0010492968878391684"
"@deadmau5"	"0.0010492968878391684"
"streak"	"0.0010492968878391684"
"marco"	"0.0010492968878391684"
"advertenc"	"0.0010492968878391684"
"hermano"	"0.0010492968878391684"
"cognitive_lingu"	"0.0010492968878391684"
"media_ev"	"0.0010492968878391684"
"trigger"	"0.0010492968878391684"
"alert:"	"0.0010492968878391684"
"national_"	"0.0010492968878391684"
"#centroaméric"	"0.0010492968878391684"
"ignor"	"0.0010492968878391684"
"chilen"	"0.0010492968878391684"
"irish_se"	"0.0010492968878391684"
"october_2007_california_wildfir"	"0.0010492968878391684"
"uno"	"0.0010492968878391684"
"800"	"0.0010492968878391684"
"chemical_react"	"0.0010471257048250138"
"road"	"0.001045901755173828"
"pl"	"0.001045901755173828"
"dominion"	"0.0010396084034515196"
"mot"	"0.0010374504745361834"
"highwa"	"0.0010240126593399346"
"occup"	"0.0010204344924659159"
"mission"	"0.0010081671223983735"
"16"	"0.0010081671223983735"
"#dhak"	"0.0010081671223983735"
"authoritarian"	"0.0010081671223983735"
"apostl"	"0.0010081671223983735"
"tw"	"0.0010063851744853691"
"health_facil"	"0.0010032056746480666"
"smok"	"0.0010032056746480666"
"nas"	"9.992893501307165E-4"
"sourc"	"9.992893501307165E-4"
"2013_colorado_flood"	"9.992893501307165E-4"
"withdraw"	"9.992893501307165E-4"
"debr"	"9.992893501307165E-4"
"garbage_"	"9.992893501307165E-4"
"abstract"	"9.952436853032376E-4"
"male_d"	"9.88775827244437E-4"
"god_"	"9.88775827244437E-4"
"refin"	"9.88775827244437E-4"
"heav"	"9.88775827244437E-4"
"particulate_matter"	"9.836843021743258E-4"
"team_sport"	"9.83575424948202E-4"
"bird"	"9.83575424948202E-4"
"emot"	"9.833035933134449E-4"
"hypothes"	"9.758875131915534E-4"
"impact"	"9.738047254298499E-4"
"nicaragu"	"9.738047254298499E-4"
"all_right"	"9.738047254298499E-4"
"1"	"9.726426999291382E-4"
"#tsunam"	"9.724733095143323E-4"
"inclus"	"9.721982988254441E-4"
"prob"	"9.721982988254441E-4"
"criter"	"9.721982988254441E-4"
"go_on"	"9.721982988254441E-4"
"_new_south_wal"	"9.721982988254441E-4"
"litig"	"9.721982988254441E-4"
"wound"	"9.675186696559424E-4"
"united_states_cable_new"	"9.576601385162808E-4"
"political_part"	"9.437189877226082E-4"
"child"	"9.366104402537268E-4"
"clergyman"	"9.363570388901676E-4"
"liter"	"9.363570388901676E-4"
"neolog"	"9.352529689494737E-4"
"revolut"	"9.352529689494737E-4"
"anybod"	"9.352529689494737E-4"
"republ"	"9.323416594827494E-4"
"detent"	"9.281557395397488E-4"
"guanacast"	"9.281557395397488E-4"
"#temblorgt"	"9.281557395397488E-4"
"surg"	"9.281557395397488E-4"
"profit"	"9.281557395397488E-4"
"pioneer"	"9.281557395397488E-4"
"emergency_servic"	"9.281557395397488E-4"
"#costarica:"	"9.281557395397488E-4"
"angl"	"9.281557395397488E-4"
"symptom"	"9.281557395397488E-4"
"chain_stor"	"9.281557395397488E-4"
"confin"	"9.281557395397488E-4"
"flam"	"9.281557395397488E-4"
"custod"	"9.281557395397488E-4"
"plane_figur"	"9.281557395397488E-4"
"inst"	"9.281063593428174E-4"
"divis"	"9.135660725592132E-4"
"servic"	"9.074662722889926E-4"
"paym"	"9.072358238438882E-4"
"geographical_featur"	"9.047989699408898E-4"
"owner"	"8.95672372637546E-4"
"exploit"	"8.95672372637546E-4"
"lost"	"8.95672372637546E-4"
"brazil"	"8.924245523760366E-4"
"order"	"8.913506642036495E-4"
"city_with_millions_of_inhabit"	"8.888981352781489E-4"
"#cowx"	"8.825819735177598E-4"
"marketing_strateg"	"8.825819735177598E-4"
"practic"	"8.825819735177598E-4"
"national_capit"	"8.825241189195365E-4"
"accis"	"8.81705662944654E-4"
"day"	"8.789825453693334E-4"
"#…"	"8.78735425574928E-4"
"allah"	"8.78735425574928E-4"
"north_americ"	"8.78735425574928E-4"
"graphem"	"8.78735425574928E-4"
"buyer"	"8.78735425574928E-4"
"#hmrd"	"8.78735425574928E-4"
"abduc"	"8.78735425574928E-4"
"smartphon"	"8.78735425574928E-4"
"computer_anim"	"8.78735425574928E-4"
"islands:"	"8.78735425574928E-4"
"commune_of_chil"	"8.78735425574928E-4"
"clash"	"8.78735425574928E-4"
"jamaat"	"8.78735425574928E-4"
"mejor"	"8.78735425574928E-4"
"afghan"	"8.78735425574928E-4"
"#lol"	"8.78735425574928E-4"
"31"	"8.78735425574928E-4"
"information_system"	"8.78735425574928E-4"
"psychological_manipl"	"8.78735425574928E-4"
"insan"	"8.78735425574928E-4"
"#earthquake#"	"8.78735425574928E-4"
"rohingy"	"8.78735425574928E-4"
"meg"	"8.78735425574928E-4"
"#de"	"8.78735425574928E-4"
"thriller"	"8.78735425574928E-4"
"confection"	"8.78735425574928E-4"
"libr"	"8.78735425574928E-4"
"mon"	"8.78735425574928E-4"
"@noishobdo:"	"8.78735425574928E-4"
"fairy_chess_piec"	"8.78735425574928E-4"
"#5ma"	"8.78735425574928E-4"
"profan"	"8.78735425574928E-4"
"time  2012-09-15"	"8.78735425574928E-4"
"province_of_the_netherland"	"8.78735425574928E-4"
"bor"	"8.78735425574928E-4"
"archbishop"	"8.78735425574928E-4"
"propagand"	"8.78735425574928E-4"
"zealand"	"8.78735425574928E-4"
"0-2"	"8.78735425574928E-4"
"hawk"	"8.78735425574928E-4"
"wes"	"8.78735425574928E-4"
"#rohingy"	"8.78735425574928E-4"
"mans"	"8.78735425574928E-4"
"avec"	"8.78735425574928E-4"
"zeeland"	"8.78735425574928E-4"
"origin"	"8.78735425574928E-4"
"@basherkella:"	"8.78735425574928E-4"
"eastern_standard_tim"	"8.78735425574928E-4"
"executive_departm"	"8.78735425574928E-4"
"regular_paym"	"8.78735425574928E-4"
"amus"	"8.78735425574928E-4"
"shootout"	"8.78735425574928E-4"
"ushes"	"8.78735425574928E-4"
"co/1es1yosk"	"8.78735425574928E-4"
"#afghanistan"	"8.78735425574928E-4"
"greec"	"8.78735425574928E-4"
"transit"	"8.78735425574928E-4"
"gland"	"8.743035479570338E-4"
"marikin"	"8.743035479570338E-4"
"hwy"	"8.743035479570338E-4"
"monit"	"8.743035479570338E-4"
"climatic_zon"	"8.743035479570338E-4"
"massively_multiplayer_online_role-playing_gam"	"8.743035479570338E-4"
"justin_"	"8.743035479570338E-4"
"anomalous_communic"	"8.743035479570338E-4"
"replic"	"8.743035479570338E-4"
"go_about"	"8.743035479570338E-4"
"runescap"	"8.743035479570338E-4"
"visay"	"8.743035479570338E-4"
"unit_of_are"	"8.743035479570338E-4"
"@basedbieberlif"	"8.743035479570338E-4"
"integumentary_system"	"8.743035479570338E-4"
"walmart"	"8.743035479570338E-4"
"cianc"	"8.743035479570338E-4"
"familiar_spirit"	"8.743035479570338E-4"
"chronolog"	"8.743035479570338E-4"
"ocurrid"	"8.743035479570338E-4"
"médias_en_belgiqu"	"8.743035479570338E-4"
"@nbcnews:"	"8.743035479570338E-4"
"official:"	"8.743035479570338E-4"
"descart"	"8.743035479570338E-4"
"fellow"	"8.743035479570338E-4"
"bagyong"	"8.743035479570338E-4"
"registrad"	"8.743035479570338E-4"
"@mmd"	"8.743035479570338E-4"
"amphibian_genus"	"8.743035479570338E-4"
"tac"	"8.743035479570338E-4"
"flush"	"8.743035479570338E-4"
"whe"	"8.743035479570338E-4"
"mise_à_jour"	"8.743035479570338E-4"
"pik"	"8.743035479570338E-4"
"private_hospit"	"8.743035479570338E-4"
"department_of_local_governm"	"8.743035479570338E-4"
"miniser"	"8.743035479570338E-4"
"unbelief"	"8.743035479570338E-4"
"_new"	"8.743035479570338E-4"
"guatemala:"	"8.743035479570338E-4"
"pacific_coast"	"8.743035479570338E-4"
"containm"	"8.743035479570338E-4"
"dead:"	"8.743035479570338E-4"
"nin"	"8.743035479570338E-4"
"hojanch"	"8.743035479570338E-4"
"rescue_"	"8.743035479570338E-4"
"accident"	"8.743035479570338E-4"
"nep"	"8.743035479570338E-4"
"deadmau5"	"8.743035479570338E-4"
"university_of_santo_tomas_hospit"	"8.743035479570338E-4"
"imprisonm"	"8.743035479570338E-4"
"public_transit"	"8.743035479570338E-4"
"paranorm"	"8.743035479570338E-4"
"han"	"8.743035479570338E-4"
"panamá"	"8.743035479570338E-4"
"solidaridad"	"8.743035479570338E-4"
"@612brisbane:"	"8.743035479570338E-4"
"transport_network"	"8.743035479570338E-4"
"hojancha_"	"8.743035479570338E-4"
"air_force_academ"	"8.743035479570338E-4"
"justin_bieber"	"8.743035479570338E-4"
"hotl"	"8.743035479570338E-4"
"wildfire:"	"8.743035479570338E-4"
"bieber"	"8.743035479570338E-4"
"horrif"	"8.743035479570338E-4"
"acknowledg"	"8.743035479570338E-4"
"caribbean-w"	"8.743035479570338E-4"
"ust"	"8.743035479570338E-4"
"landsl"	"8.743035479570338E-4"
"state_highwa"	"8.734762134812168E-4"
"air"	"8.734554890528212E-4"
"ind"	"8.726558370198978E-4"
"13"	"8.726558370198978E-4"
"exercis"	"8.726558370198978E-4"
"reform"	"8.726558370198978E-4"
"boy"	"8.726558370198978E-4"
"cultur"	"8.726558370198978E-4"
"empt"	"8.719136530392912E-4"
"major"	"8.719136530392912E-4"
"typhoon_haiyan"	"8.719136530392912E-4"
"softwar"	"8.691865751928596E-4"
"pa"	"8.691865751928596E-4"
"wrong"	"8.647540725125191E-4"
"&gt"	"8.647540725125191E-4"
"govt"	"8.647540725125191E-4"
"@abcnew"	"8.646672465293381E-4"
"reportan"	"8.646672465293381E-4"
"@ancalerts:"	"8.646672465293381E-4"
"weltraumorgan"	"8.646672465293381E-4"
"_queensland"	"8.646672465293381E-4"
"escal"	"8.646672465293381E-4"
"wind"	"8.601910944362468E-4"
"#bigwes"	"8.587603251833942E-4"
"sic"	"8.582092639022321E-4"
"japan"	"8.582092639022321E-4"
"méxic"	"8.549799380314083E-4"
"sold"	"8.510186466765823E-4"
"bangladesh:"	"8.493283722341705E-4"
"audi"	"8.493283722341705E-4"
"#cluth"	"8.464153433183075E-4"
"work_of_art"	"8.393846787401182E-4"
"surnam"	"8.367990697494276E-4"
"request"	"8.367990697494276E-4"
"mus"	"8.353169710356712E-4"
"logarithmic_scal"	"8.309862090694065E-4"
"seismic_scal"	"8.309862090694065E-4"
"danc"	"8.304674391511613E-4"
"ocean"	"8.304674391511613E-4"
"desir"	"8.304674391511613E-4"
"medicin"	"8.228081786163521E-4"
"business_execut"	"7.913796701870535E-4"
"advis"	"7.913796701870535E-4"
"achromatic_color"	"7.874242386685104E-4"
"general_officer"	"7.874242386685104E-4"
"brother"	"7.874242386685104E-4"
"drought"	"7.874242386685104E-4"
"basebal"	"7.874242386685104E-4"
"freedom"	"7.874242386685104E-4"
"pen"	"7.874242386685104E-4"
"vin"	"7.874242386685104E-4"
"s_degre"	"7.874242386685104E-4"
"vamo"	"7.874242386685104E-4"
"#believeacoust"	"7.874242386685104E-4"
"#elsalvador"	"7.874242386685104E-4"
"dar"	"7.874242386685104E-4"
"misdemeanor"	"7.874242386685104E-4"
"gain"	"7.874242386685104E-4"
"fact_shees"	"7.874242386685104E-4"
"brook"	"7.812152535728867E-4"
"cebu"	"7.812152535728867E-4"
"700"	"7.812152535728867E-4"
"amorphous_solis"	"7.812152535728867E-4"
"catastroph"	"7.812152535728867E-4"
"foc"	"7.812152535728867E-4"
"chancellor"	"7.812152535728867E-4"
"lithgow"	"7.812152535728867E-4"
"sintió"	"7.812152535728867E-4"
"building_complec"	"7.812152535728867E-4"
"wash"	"7.812152535728867E-4"
"earth_sci"	"7.812152535728867E-4"
"setup"	"7.812152535728867E-4"
"tremor"	"7.812152535728867E-4"
"more:"	"7.812152535728867E-4"
"surviv"	"7.812152535728867E-4"
"advertis"	"7.733486910357357E-4"
"particl"	"7.733486910357357E-4"
"dat"	"7.733486910357357E-4"
"be_able_t"	"7.407367247854735E-4"
"wtf"	"7.407367247854735E-4"
"mo"	"7.407367247854735E-4"
"bulletin"	"7.33637003361709E-4"
"register"	"7.33637003361709E-4"
"flash"	"7.33637003361709E-4"
"depres"	"7.33637003361709E-4"
"tx"	"7.33637003361709E-4"
"photographic_equipm"	"7.33637003361709E-4"
"aftermath"	"7.33637003361709E-4"
"conf"	"7.33637003361709E-4"
"western_malayo-polynes"	"7.33637003361709E-4"
"@bbcbreaking:"	"7.33637003361709E-4"
"recover"	"7.33637003361709E-4"
"german"	"7.33637003361709E-4"
"s=&gt"	"7.028993293349828E-4"
"pit"	"7.028993293349828E-4"
"#warcrim"	"7.028993293349828E-4"
"prophes"	"7.028993293349828E-4"
"packing_cas"	"7.028993293349828E-4"
"thailand"	"7.028993293349828E-4"
"rumor"	"7.028993293349828E-4"
"magnitude  ml"	"7.028993293349828E-4"
"#postcard"	"7.028993293349828E-4"
"nnw"	"7.028993293349828E-4"
"#cardinalstock"	"7.028993293349828E-4"
"time  2012-09-16"	"7.028993293349828E-4"
"#palest"	"7.028993293349828E-4"
"pseuderanthemum_variabil"	"7.028993293349828E-4"
"tirote"	"7.028993293349828E-4"
"#japan"	"7.028993293349828E-4"
"#ita"	"7.028993293349828E-4"
"physiolog"	"7.028993293349828E-4"
"simil"	"7.028993293349828E-4"
"#flower"	"7.028993293349828E-4"
"#freeship"	"7.028993293349828E-4"
"omfg"	"7.028993293349828E-4"
"#paragua"	"7.028993293349828E-4"
"#clim"	"7.028993293349828E-4"
"#redbird"	"7.028993293349828E-4"
"partner_"	"7.028993293349828E-4"
"preview"	"7.028993293349828E-4"
"seguidor"	"7.028993293349828E-4"
"silver"	"7.028993293349828E-4"
"roof_shingl"	"7.028993293349828E-4"
"sweetener"	"7.028993293349828E-4"
"pars"	"7.028993293349828E-4"
"#summer"	"7.028993293349828E-4"
"state_university_system"	"7.028993293349828E-4"
"salir"	"7.028993293349828E-4"
"#vac"	"7.028993293349828E-4"
"theor"	"7.028993293349828E-4"
"#luhc2k13"	"7.028993293349828E-4"
"#djokov"	"7.028993293349828E-4"
"#putinsfavoriteflick"	"7.028993293349828E-4"
"south_afric"	"7.028993293349828E-4"
"military_quarter"	"7.028993293349828E-4"
"#canad"	"7.028993293349828E-4"
"#addseguidor"	"7.028993293349828E-4"
"thx"	"7.028993293349828E-4"
"#sunses"	"7.028993293349828E-4"
"opening:"	"7.028993293349828E-4"
"#remember911"	"7.028993293349828E-4"
"#photograph"	"7.028993293349828E-4"
"#eqjp"	"7.028993293349828E-4"
"#gift"	"7.028993293349828E-4"
"#vprsd"	"7.028993293349828E-4"
"september_8"	"7.028993293349828E-4"
"tay"	"7.028993293349828E-4"
"#concacaf"	"7.028993293349828E-4"
"september_6"	"7.028993293349828E-4"
"september_10"	"7.028993293349828E-4"
"police_quarter"	"7.028993293349828E-4"
"rea"	"7.028993293349828E-4"
"parad"	"7.028993293349828E-4"
"techn"	"7.028993293349828E-4"
"tickes"	"7.028993293349828E-4"
"tiemp"	"7.028993293349828E-4"
"september_14"	"7.028993293349828E-4"
"stamp"	"7.028993293349828E-4"
"the_afghan"	"7.028993293349828E-4"
"shame_"	"7.028993293349828E-4"
"instruc"	"7.028993293349828E-4"
"cyril"	"7.028993293349828E-4"
"israel"	"7.028993293349828E-4"
"decir"	"7.028993293349828E-4"
"get_rid_of"	"7.028993293349828E-4"
"british_overseas_territor"	"7.028993293349828E-4"
"iphon"	"7.028993293349828E-4"
"breath"	"7.028993293349828E-4"
"boost"	"7.028993293349828E-4"
"@feb28info:"	"7.028993293349828E-4"
"invest"	"7.028993293349828E-4"
"business_rank"	"7.028993293349828E-4"
"uk_newspaper"	"7.028993293349828E-4"
"cabez"	"7.028993293349828E-4"
"ahahah"	"7.028993293349828E-4"
"deposit"	"7.028993293349828E-4"
"tut"	"7.028993293349828E-4"
"kepulauan"	"7.028993293349828E-4"
"cantonm"	"7.028993293349828E-4"
"jav"	"7.028993293349828E-4"
"elbow_room"	"7.028993293349828E-4"
"delict"	"7.028993293349828E-4"
"cand"	"7.028993293349828E-4"
"ángel"	"7.028993293349828E-4"
"@wnicholasgomes:"	"7.028993293349828E-4"
"chittagong"	"7.028993293349828E-4"
"erectile_organ"	"7.028993293349828E-4"
"cres"	"7.028993293349828E-4"
"annivers"	"7.028993293349828E-4"
"feast_da"	"7.028993293349828E-4"
"credit"	"7.028993293349828E-4"
"discard"	"7.028993293349828E-4"
"_californ"	"7.028993293349828E-4"
"west_"	"7.028993293349828E-4"
"firework"	"7.028993293349828E-4"
"vict"	"7.028993293349828E-4"
"fasc"	"7.028993293349828E-4"
"hik"	"7.028993293349828E-4"
"himn"	"7.028993293349828E-4"
"indonesiad"	"7.028993293349828E-4"
"akan"	"7.028993293349828E-4"
"web"	"7.028993293349828E-4"
"indonesia:"	"7.028993293349828E-4"
"bangladesh_jamaat-e-islam"	"7.028993293349828E-4"
"holy_day_of_oblig"	"7.028993293349828E-4"
"winter"	"7.028993293349828E-4"
"balkan_countr"	"7.028993293349828E-4"
"amerind"	"7.028993293349828E-4"
"der"	"7.028993293349828E-4"
"antarct"	"7.028993293349828E-4"
"lahat"	"7.028993293349828E-4"
"co/2rjirrnlo"	"7.028993293349828E-4"
"lock"	"7.028993293349828E-4"
"disorder"	"7.028993293349828E-4"
"@opbangladesh:"	"7.028993293349828E-4"
"09"	"7.028993293349828E-4"
"classical_condit"	"7.028993293349828E-4"
"lebih"	"7.028993293349828E-4"
"dick"	"7.028993293349828E-4"
"lma"	"7.028993293349828E-4"
"literary_techniqu"	"7.028993293349828E-4"
"tortur"	"7.028993293349828E-4"
"ll_parser"	"7.028993293349828E-4"
"digital_camer"	"7.028993293349828E-4"
"dud"	"7.028993293349828E-4"
"05"	"7.028993293349828E-4"
"07"	"7.028993293349828E-4"
"garrison"	"7.028993293349828E-4"
"christian"	"7.028993293349828E-4"
"gradi"	"6.993544491514792E-4"
"take_out"	"6.993544491514792E-4"
"police_scotland"	"6.993544491514792E-4"
"troubadour"	"6.993544491514792E-4"
"fotos:"	"6.993544491514792E-4"
"urgente:"	"6.993544491514792E-4"
"@qpsmed"	"6.993544491514792E-4"
"police:"	"6.993544491514792E-4"
"federal_emergency_management_ag"	"6.993544491514792E-4"
"@yahoonew"	"6.993544491514792E-4"
"uerm"	"6.993544491514792E-4"
"rod"	"6.993544491514792E-4"
"seismolog"	"6.993544491514792E-4"
"one_way_"	"6.993544491514792E-4"
"missing_person"	"6.993544491514792E-4"
"patient"	"6.993544491514792E-4"
"#weatheralers"	"6.993544491514792E-4"
"freshwater_f"	"6.993544491514792E-4"
"pop_rock"	"6.993544491514792E-4"
"des"	"6.993544491514792E-4"
"guanacaste_provinc"	"6.993544491514792E-4"
"#tornad"	"6.993544491514792E-4"
"side_project"	"6.993544491514792E-4"
"injured:"	"6.993544491514792E-4"
"@nas"	"6.993544491514792E-4"
"drinking_water"	"6.993544491514792E-4"
"pictures:"	"6.993544491514792E-4"
"timel"	"6.993544491514792E-4"
"investment_compan"	"6.993544491514792E-4"
"@cnn:"	"6.993544491514792E-4"
"outl"	"6.993544491514792E-4"
"today:"	"6.993544491514792E-4"
"$10"	"6.993544491514792E-4"
"pilgrimage_sit"	"6.993544491514792E-4"
"state_of_brazil"	"6.993544491514792E-4"
"civil_par"	"6.993544491514792E-4"
"flood_alers"	"6.993544491514792E-4"
"let_g"	"6.993544491514792E-4"
"result"	"6.993544491514792E-4"
"weekend_"	"6.993544491514792E-4"
"cnn:"	"6.993544491514792E-4"
"intercardinal_direct"	"6.993544491514792E-4"
"aquí"	"6.993544491514792E-4"
"9-magnitud"	"6.993544491514792E-4"
"historiograph"	"6.993544491514792E-4"
"draw_back"	"6.993544491514792E-4"
"apparel_industr"	"6.993544491514792E-4"
"heartbeat"	"6.993544491514792E-4"
"magadhan"	"6.993544491514792E-4"
"rf"	"6.993544491514792E-4"
"ghost"	"6.993544491514792E-4"
"banglad"	"6.993544491514792E-4"
"rur"	"6.993544491514792E-4"
"bangl"	"6.993544491514792E-4"
"bangladesh’"	"6.993544491514792E-4"
"huffington_post"	"6.993544491514792E-4"
"sunsh"	"6.993544491514792E-4"
"create_from_raw_mater"	"6.993544491514792E-4"
"northern_colorad"	"6.993544491514792E-4"
"#cost"	"6.993544491514792E-4"
"chiap"	"6.993544491514792E-4"
"television_new"	"6.993544491514792E-4"
"meanwhil"	"6.993544491514792E-4"
"@huffingtonpost:"	"6.993544491514792E-4"
"nondepository_financial_institut"	"6.993544491514792E-4"
"#brasil"	"6.993544491514792E-4"
"vítim"	"6.993544491514792E-4"
"merg"	"6.993544491514792E-4"
"declaró"	"6.993544491514792E-4"
"pair"	"6.993544491514792E-4"
"tv_miniser"	"6.993544491514792E-4"
"go_down"	"6.993544491514792E-4"
"da14"	"6.993544491514792E-4"
"em_quas"	"6.993544491514792E-4"
"@abc"	"6.993544491514792E-4"
"american_broadcasting_compan"	"6.993544491514792E-4"
"150"	"6.993544491514792E-4"
"airlift"	"6.993544491514792E-4"
"@biobio:"	"6.993544491514792E-4"
"@time:"	"6.993544491514792E-4"
"associated_pres"	"6.993544491514792E-4"
"bergsturz"	"6.993544491514792E-4"
"santiago_de_compostel"	"6.993544491514792E-4"
"geológic"	"6.993544491514792E-4"
"explosión_en_la_refinería_de_amua"	"6.993544491514792E-4"
"73"	"6.993544491514792E-4"
"shook"	"6.993544491514792E-4"
"terrif"	"6.993544491514792E-4"
"127"	"6.993544491514792E-4"
"#typhoonhaiyan"	"6.993544491514792E-4"
"reshm"	"6.993544491514792E-4"
"deliber"	"6.993544491514792E-4"
"bisay"	"6.993544491514792E-4"
"tripl"	"6.993544491514792E-4"
"cooler"	"6.993544491514792E-4"
"catch_fir"	"6.993544491514792E-4"
"heartbreak"	"6.993544491514792E-4"
"strongest"	"6.993544491514792E-4"
"consecut"	"5.271077620958575E-4"
"ador"	"5.271077620958575E-4"
"pizz"	"5.271077620958575E-4"
"concacaf"	"5.271077620958575E-4"
"administrative_region_of_greec"	"5.271077620958575E-4"
"admirer"	"5.271077620958575E-4"
"sports_club"	"5.271077620958575E-4"
"compli"	"5.271077620958575E-4"
"confirmó"	"5.271077620958575E-4"
"#kashmir"	"5.271077620958575E-4"
"cousin"	"5.271077620958575E-4"
"_cebu"	"5.271077620958575E-4"
"conquer"	"5.271077620958575E-4"
"computer_memory_unit"	"5.271077620958575E-4"
"consecutiv"	"5.271077620958575E-4"
"tissu"	"5.271077620958575E-4"
"pharmaceut"	"5.271077620958575E-4"
"#milit"	"5.271077620958575E-4"
"demon"	"5.271077620958575E-4"
"depth："	"5.271077620958575E-4"
"#mayda"	"5.271077620958575E-4"
"#may5"	"5.271077620958575E-4"
"#may"	"5.271077620958575E-4"
"defense_intelligence_ag"	"5.271077620958575E-4"
"debt"	"5.271077620958575E-4"
"stev"	"5.271077620958575E-4"
"#model"	"5.271077620958575E-4"
"#mahas"	"5.271077620958575E-4"
"panahon"	"5.271077620958575E-4"
"palm"	"5.271077620958575E-4"
"#moden"	"5.271077620958575E-4"
"dig"	"5.271077620958575E-4"
"#mountain"	"5.271077620958575E-4"
"stol"	"5.271077620958575E-4"
"parec"	"5.271077620958575E-4"
"despu"	"5.271077620958575E-4"
"¿qué"	"5.271077620958575E-4"
"date:"	"5.271077620958575E-4"
"petróleo"	"5.271077620958575E-4"
"#lif"	"5.271077620958575E-4"
"cross-polytop"	"5.271077620958575E-4"
"sse_plc"	"5.271077620958575E-4"
"[preview]"	"5.271077620958575E-4"
"[最大震度]"	"5.271077620958575E-4"
"crimes_against_human"	"5.271077620958575E-4"
"[震源地]"	"5.271077620958575E-4"
"springs:"	"5.271077620958575E-4"
"[fantaken]"	"5.271077620958575E-4"
"cun"	"5.271077620958575E-4"
"affection"	"5.271077620958575E-4"
"dark_"	"5.271077620958575E-4"
"#m"	"5.271077620958575E-4"
"pericop"	"5.271077620958575E-4"
"cyclone_mahas"	"5.271077620958575E-4"
"cycl"	"5.271077620958575E-4"
"#longmont"	"5.271077620958575E-4"
"cut_of_pork"	"5.271077620958575E-4"
"cush"	"5.271077620958575E-4"
"adventure_fict"	"5.271077620958575E-4"
"#gocard"	"5.271077620958575E-4"
"#instagood"	"5.271077620958575E-4"
"ski_resort"	"5.271077620958575E-4"
"#cdnpol"	"5.271077620958575E-4"
"respiratory_diseas"	"5.271077620958575E-4"
"come_down"	"5.271077620958575E-4"
"repost"	"5.271077620958575E-4"
"#career"	"5.271077620958575E-4"
"✔#bestrapper"	"5.271077620958575E-4"
"rons"	"5.271077620958575E-4"
"ros"	"5.271077620958575E-4"
"change_of_st"	"5.271077620958575E-4"
"change_of_cour"	"5.271077620958575E-4"
"champ"	"5.271077620958575E-4"
"religious_song"	"5.271077620958575E-4"
"brit"	"5.271077620958575E-4"
"boston_red_sox"	"5.271077620958575E-4"
"co/nl5fnhnof"	"5.271077620958575E-4"
"ratusan"	"5.271077620958575E-4"
"biogeographical_reg"	"5.271077620958575E-4"
"ral"	"5.271077620958575E-4"
"blackbal"	"5.271077620958575E-4"
"blessé"	"5.271077620958575E-4"
"regions"	"5.271077620958575E-4"
"reap"	"5.271077620958575E-4"
"book_ser"	"5.271077620958575E-4"
"bolaño"	"5.271077620958575E-4"
"bnp"	"5.271077620958575E-4"
"rushdie_novel"	"5.271077620958575E-4"
"#bnp"	"5.271077620958575E-4"
"chat"	"5.271077620958575E-4"
"september_15"	"5.271077620958575E-4"
"震度1"	"5.271077620958575E-4"
"co-"	"5.271077620958575E-4"
"segu"	"5.271077620958575E-4"
"#aljazeer"	"5.271077620958575E-4"
"september_17"	"5.271077620958575E-4"
"福島県沖で地震　最大震度"	"5.271077620958575E-4"
"september_4"	"5.271077620958575E-4"
"sexual_ori"	"5.271077620958575E-4"
"servicem"	"5.271077620958575E-4"
"sheriff"	"5.271077620958575E-4"
"classical_mus"	"5.271077620958575E-4"
"school_holida"	"5.271077620958575E-4"
"sim"	"5.271077620958575E-4"
"sidorukun"	"5.271077620958575E-4"
"significant_other"	"5.271077620958575E-4"
"chinese_surnam"	"5.271077620958575E-4"
"china:"	"5.271077620958575E-4"
"salut"	"5.271077620958575E-4"
"#beaut"	"5.271077620958575E-4"
"#atl"	"5.271077620958575E-4"
"cigares"	"5.271077620958575E-4"
"宮城県沖"	"5.271077620958575E-4"
"天気:"	"5.271077620958575E-4"
"circumst"	"5.271077620958575E-4"
"bicycl"	"5.271077620958575E-4"
"#everylittlestep"	"5.271077620958575E-4"
"querí"	"5.271077620958575E-4"
"south_americ"	"5.271077620958575E-4"
"#hefazat"	"5.271077620958575E-4"
"aleut"	"5.271077620958575E-4"
"#hik"	"5.271077620958575E-4"
"aleutian_island"	"5.271077620958575E-4"
"amnest"	"5.271077620958575E-4"
"airport_termin"	"5.271077620958575E-4"
"analges"	"5.271077620958575E-4"
"anthem"	"5.271077620958575E-4"
"#hap"	"5.271077620958575E-4"
"soundtrack"	"5.271077620958575E-4"
"aku"	"5.271077620958575E-4"
"postcard"	"5.271077620958575E-4"
"soooo"	"5.271077620958575E-4"
"к"	"5.271077620958575E-4"
"polar_reg"	"5.271077620958575E-4"
"speaker"	"5.271077620958575E-4"
"african"	"5.271077620958575E-4"
"political_mov"	"5.271077620958575E-4"
"pom"	"5.271077620958575E-4"
"cobertur"	"5.271077620958575E-4"
"aint"	"5.271077620958575E-4"
"postal_station"	"5.271077620958575E-4"
"sp"	"5.271077620958575E-4"
"pork"	"5.271077620958575E-4"
"arch"	"5.271077620958575E-4"
"aristocr"	"5.271077620958575E-4"
"beverly_hil"	"5.271077620958575E-4"
"basketbal"	"5.271077620958575E-4"
"#flight"	"5.271077620958575E-4"
"#follow"	"5.271077620958575E-4"
"baj"	"5.271077620958575E-4"
"barbecu"	"5.271077620958575E-4"
"basketball_team"	"5.271077620958575E-4"
"axis_of_rot"	"5.271077620958575E-4"
"bayan"	"5.271077620958575E-4"
"#falcón"	"5.271077620958575E-4"
"ben"	"5.271077620958575E-4"
"be_on"	"5.271077620958575E-4"
"ayaw"	"5.271077620958575E-4"
"autr"	"5.271077620958575E-4"
"soo"	"5.271077620958575E-4"
"aspect"	"5.271077620958575E-4"
"army_unit"	"5.271077620958575E-4"
"arithmetic_mean"	"5.271077620958575E-4"
"procedure_word"	"5.271077620958575E-4"
"somal"	"5.271077620958575E-4"
"asshol"	"5.271077620958575E-4"
"audit"	"5.271077620958575E-4"
"proposed_province_of_indones"	"5.271077620958575E-4"
"attorne"	"5.271077620958575E-4"
"atl"	"5.271077620958575E-4"
"#genoc"	"5.271077620958575E-4"
"director_"	"5.271077620958575E-4"
"disfrut"	"5.271077620958575E-4"
"paid"	"5.271077620958575E-4"
"ht…"	"5.271077620958575E-4"
"vec"	"5.271077620958575E-4"
"heris"	"5.271077620958575E-4"
"#newyork"	"5.271077620958575E-4"
"hawaii:"	"5.271077620958575E-4"
"tast"	"5.271077620958575E-4"
"velocirapt"	"5.271077620958575E-4"
"h/t"	"5.271077620958575E-4"
"hairstyl"	"5.271077620958575E-4"
"hasina_"	"5.271077620958575E-4"
"hone"	"5.271077620958575E-4"
"ml"	"5.271077620958575E-4"
"military_intellig"	"5.271077620958575E-4"
"@bbcworld"	"5.271077620958575E-4"
"infectious_diseas"	"5.271077620958575E-4"
"teng"	"5.271077620958575E-4"
"universidad"	"5.271077620958575E-4"
"tempor"	"5.271077620958575E-4"
"tem"	"5.271077620958575E-4"
"@asot600ca:"	"5.271077620958575E-4"
"humid"	"5.271077620958575E-4"
"hut"	"5.271077620958575E-4"
"#un"	"5.271077620958575E-4"
"#thomas_hiat"	"5.271077620958575E-4"
"grup"	"5.271077620958575E-4"
"tan"	"5.271077620958575E-4"
"government_build"	"5.271077620958575E-4"
"giveawa"	"5.271077620958575E-4"
"voir"	"5.271077620958575E-4"
"gl"	"5.271077620958575E-4"
"give_awa"	"5.271077620958575E-4"
"von"	"5.271077620958575E-4"
"girlfriens"	"5.271077620958575E-4"
"#stl"	"5.271077620958575E-4"
"genit"	"5.271077620958575E-4"
"tabl"	"5.271077620958575E-4"
"vocal_mus"	"5.271077620958575E-4"
"glenwood"	"5.271077620958575E-4"
"musical_perform"	"5.271077620958575E-4"
"visit=&gt"	"5.271077620958575E-4"
"mujer"	"5.271077620958575E-4"
"goat_antelop"	"5.271077620958575E-4"
"gol"	"5.271077620958575E-4"
"go_card"	"5.271077620958575E-4"
"#s…"	"5.271077620958575E-4"
"gminy_portugali"	"5.271077620958575E-4"
"go_back"	"5.271077620958575E-4"
"talag"	"5.271077620958575E-4"
"#vancouver"	"5.271077620958575E-4"
"midland"	"5.271077620958575E-4"
"gar"	"5.271077620958575E-4"
"th…"	"5.271077620958575E-4"
"2012/09/14"	"5.271077620958575E-4"
"las"	"5.271077620958575E-4"
"transducer"	"5.271077620958575E-4"
"thril"	"5.271077620958575E-4"
"marian"	"5.271077620958575E-4"
"mariana_island"	"5.271077620958575E-4"
"2014"	"5.271077620958575E-4"
"martyr"	"5.271077620958575E-4"
"tricycl"	"5.271077620958575E-4"
"law_"	"5.271077620958575E-4"
"leather"	"5.271077620958575E-4"
"intellect"	"5.271077620958575E-4"
"tien"	"5.271077620958575E-4"
"1-0"	"5.271077620958575E-4"
"m4"	"5.271077620958575E-4"
"machine_el"	"5.271077620958575E-4"
"london"	"5.271077620958575E-4"
"male_aristocrat"	"5.271077620958575E-4"
"loan"	"5.271077620958575E-4"
"lil_wayn"	"5.271077620958575E-4"
"14/09/12"	"5.271077620958575E-4"
"lmfa"	"5.271077620958575E-4"
"kip"	"5.271077620958575E-4"
"mayda"	"5.271077620958575E-4"
"27km"	"5.271077620958575E-4"
"meal"	"5.271077620958575E-4"
"test_autom"	"5.271077620958575E-4"
"metric_weight_unit"	"5.271077620958575E-4"
"island_group"	"5.271077620958575E-4"
"und"	"5.271077620958575E-4"
"#war"	"5.271077620958575E-4"
"international_law"	"5.271077620958575E-4"
"intellig"	"5.271077620958575E-4"
"unfollow"	"5.271077620958575E-4"
"terrorist"	"5.271077620958575E-4"
"ist"	"5.271077620958575E-4"
"mentawa"	"5.271077620958575E-4"
"jeal"	"5.271077620958575E-4"
"measure_up"	"5.271077620958575E-4"
"therap"	"5.271077620958575E-4"
"#yem"	"5.271077620958575E-4"
"kanye_west"	"5.271077620958575E-4"
"kany"	"5.271077620958575E-4"
"jp】"	"5.271077620958575E-4"
"jst"	"5.271077620958575E-4"
"5-mag"	"5.271077620958575E-4"
"4th"	"5.271077620958575E-4"
"@gameofthron"	"5.271077620958575E-4"
"#tomqand"	"5.271077620958575E-4"
"#somal"	"5.271077620958575E-4"
"western_hemispher"	"5.271077620958575E-4"
"nlc"	"5.271077620958575E-4"
"flaw"	"5.271077620958575E-4"
"supercontin"	"5.271077620958575E-4"
"drake_"	"5.271077620958575E-4"
"@real_liam_payn"	"5.271077620958575E-4"
"#rmg"	"5.271077620958575E-4"
"ya_"	"5.271077620958575E-4"
"ein"	"5.271077620958575E-4"
"electro-acoustic_transducer"	"5.271077620958575E-4"
"dl"	"5.271077620958575E-4"
"esclav"	"5.271077620958575E-4"
"operating_system"	"5.271077620958575E-4"
"dom"	"5.271077620958575E-4"
"football_player"	"5.271077620958575E-4"
"fort_collin"	"5.271077620958575E-4"
"#prayforgaz"	"5.271077620958575E-4"
"film_producer"	"5.271077620958575E-4"
"#nyc"	"5.271077620958575E-4"
"yg"	"5.271077620958575E-4"
"edit"	"5.271077620958575E-4"
"estonian_monetary_unit"	"5.271077620958575E-4"
"favourit"	"5.271077620958575E-4"
"ord"	"5.271077620958575E-4"
"#opbangladesh"	"5.271077620958575E-4"
"evergreen"	"5.271077620958575E-4"
"#redey"	"5.271077620958575E-4"
"orchard"	"5.271077620958575E-4"
"white_hous"	"5.271077620958575E-4"
"yard"	"5.271077620958575E-4"
"#paradis"	"5.271077620958575E-4"
"#propers"	"5.271077620958575E-4"
"east_southeast"	"5.271077620958575E-4"
"eff"	"5.271077620958575E-4"
"yem"	"5.271077620958575E-4"
"economic_order"	"5.271077620958575E-4"
"oooh"	"5.271077620958575E-4"
"#sal"	"5.271077620958575E-4"
"@sabrina_s71:"	"5.271077620958575E-4"
"fábric"	"5.271077620958575E-4"
"für"	"5.271077620958575E-4"
"empres"	"5.271077620958575E-4"
"national_symbol"	"5.271077620958575E-4"
"synonym"	"5.271077620958575E-4"
"full-tim"	"5.271077620958575E-4"
"entertainer"	"5.271077620958575E-4"
"emoticon"	"5.271077620958575E-4"
"national_anthem"	"5.271077620958575E-4"
"#shibir"	"5.271077620958575E-4"
"ganh"	"5.271077620958575E-4"
"oncle_et_tant"	"5.271077620958575E-4"
"ganhar"	"5.271077620958575E-4"
"#pitmad"	"5.271077620958575E-4"
"game_show"	"5.271077620958575E-4"
"gan"	"5.271077620958575E-4"
"discernm"	"5.271077620958575E-4"
"nb"	"5.271077620958575E-4"
"@npdice:"	"5.271077620958575E-4"
"magnitude  m"	"5.271077620958575E-4"
"#santamaria:"	"5.271077620958575E-4"
"waterproof"	"5.271077620958575E-4"
"fuckin"	"5.271077620958575E-4"
"#polit"	"5.271077620958575E-4"
"#shaplachattar"	"5.271077620958575E-4"
"ennobl"	"5.271077620958575E-4"
"@sancheezyrican"	"5.244495681704375E-4"
"melt"	"5.244495681704375E-4"
"custody:"	"5.244495681704375E-4"
"idiot"	"5.244495681704375E-4"
"bemoan"	"5.244495681704375E-4"
"dava"	"5.244495681704375E-4"
"electrostatic_discharg"	"5.244495681704375E-4"
"electronic_mus"	"5.244495681704375E-4"
"d:"	"5.244495681704375E-4"
"belém"	"5.244495681704375E-4"
"countryman"	"5.244495681704375E-4"
"marikina_river"	"5.244495681704375E-4"
"coverage:"	"5.244495681704375E-4"
"countrym"	"5.244495681704375E-4"
"ayer"	"5.244495681704375E-4"
"name-drop"	"5.244495681704375E-4"
"alg"	"5.244495681704375E-4"
"equipm"	"5.244495681704375E-4"
"@globovis"	"5.244495681704375E-4"
"cóm"	"5.244495681704375E-4"
"azot"	"5.244495681704375E-4"
"@telesurtv:"	"5.244495681704375E-4"
"await"	"5.244495681704375E-4"
"msnbc"	"5.244495681704375E-4"
"high_wind"	"5.244495681704375E-4"
"hit_on"	"5.244495681704375E-4"
"outer_spac"	"5.244495681704375E-4"
"deter"	"5.244495681704375E-4"
"desaparecis"	"5.244495681704375E-4"
"despair"	"5.244495681704375E-4"
"drop-off"	"5.244495681704375E-4"
"details:"	"5.244495681704375E-4"
"digital_computer"	"5.244495681704375E-4"
"domestic_cat"	"5.244495681704375E-4"
"@coemergency:"	"5.244495681704375E-4"
"@climavzla:"	"5.244495681704375E-4"
"motorcycl"	"5.244495681704375E-4"
"morto"	"5.244495681704375E-4"
"@cmdr_hadfield:"	"5.244495681704375E-4"
"disapprov"	"5.244495681704375E-4"
"@cnnmex:"	"5.244495681704375E-4"
"moth"	"5.244495681704375E-4"
"directive_"	"5.244495681704375E-4"
"hero"	"5.244495681704375E-4"
"ascens"	"5.244495681704375E-4"
"electrical_breakdown"	"5.244495681704375E-4"
"deceas"	"5.244495681704375E-4"
"audio_storage_devic"	"5.244495681704375E-4"
"aug"	"5.244495681704375E-4"
"province_of_costa_ric"	"5.244495681704375E-4"
"debid"	"5.244495681704375E-4"
"dzhokhar_"	"5.244495681704375E-4"
"@energec"	"5.244495681704375E-4"
"avers"	"5.244495681704375E-4"
"alp"	"5.244495681704375E-4"
"@elcomerci"	"5.244495681704375E-4"
"audio_sign"	"5.244495681704375E-4"
"pacific_tsunami_warning_center"	"5.244495681704375E-4"
"assault"	"5.244495681704375E-4"
"assail"	"5.244495681704375E-4"
"cosmolog"	"5.244495681704375E-4"
"pacific"	"5.244495681704375E-4"
"pánic"	"5.244495681704375E-4"
"@stvnews:"	"5.244495681704375E-4"
"@denverchannel:"	"5.244495681704375E-4"
"atmospheric_electr"	"5.244495681704375E-4"
"preventiv"	"5.244495681704375E-4"
"powerl"	"5.244495681704375E-4"
"manti"	"5.244495681704375E-4"
"news_magaz"	"5.244495681704375E-4"
"@yahoonews:"	"5.244495681704375E-4"
"action_gam"	"5.244495681704375E-4"
"activas"	"5.244495681704375E-4"
"piece_of_writ"	"5.244495681704375E-4"
"forbear"	"5.244495681704375E-4"
"carri"	"5.244495681704375E-4"
"@qldses:"	"5.244495681704375E-4"
"cancelan"	"5.244495681704375E-4"
"it’"	"5.244495681704375E-4"
"legal_right"	"5.244495681704375E-4"
"finish_l"	"5.244495681704375E-4"
"ipswich"	"5.244495681704375E-4"
"admon"	"5.244495681704375E-4"
"flagstaff"	"5.244495681704375E-4"
"levantan"	"5.244495681704375E-4"
"flees"	"5.244495681704375E-4"
"news]"	"5.244495681704375E-4"
"pinoy"	"5.244495681704375E-4"
"@wsj:"	"5.244495681704375E-4"
"burn_down"	"5.244495681704375E-4"
"caryops"	"5.244495681704375E-4"
"forç"	"5.244495681704375E-4"
"acopi"	"5.244495681704375E-4"
"northwestern"	"5.244495681704375E-4"
"kirst"	"5.244495681704375E-4"
"peor"	"5.244495681704375E-4"
"just_now"	"5.244495681704375E-4"
"kedr"	"5.244495681704375E-4"
"co/t"	"5.244495681704375E-4"
"_rio_grande_do_sl"	"5.244495681704375E-4"
"champeric"	"5.244495681704375E-4"
"ger"	"5.244495681704375E-4"
"garment-factor"	"5.244495681704375E-4"
"@neasg"	"5.244495681704375E-4"
"pc"	"5.244495681704375E-4"
"labor_part"	"5.244495681704375E-4"
"frequency_spectr"	"5.244495681704375E-4"
"_arkans"	"5.244495681704375E-4"
"jon"	"5.244495681704375E-4"
"accompan"	"5.244495681704375E-4"
"paul_walker"	"5.244495681704375E-4"
"cayó"	"5.244495681704375E-4"
"phl"	"5.244495681704375E-4"
"fire_eng"	"5.244495681704375E-4"
"british_archaeological_trust"	"5.244495681704375E-4"
"benetton"	"5.244495681704375E-4"
"@joefresh"	"5.244495681704375E-4"
"magic:_the_gather"	"5.244495681704375E-4"
"compatriot"	"5.244495681704375E-4"
"extract"	"5.244495681704375E-4"
"blackout"	"5.244495681704375E-4"
"agit"	"5.244495681704375E-4"
"macquari"	"5.244495681704375E-4"
"@unicef"	"5.244495681704375E-4"
"ndrrmc:"	"5.244495681704375E-4"
"get_together"	"5.244495681704375E-4"
"conacast"	"5.244495681704375E-4"
"briefing:"	"5.244495681704375E-4"
"national_guard"	"5.244495681704375E-4"
"national_econom"	"5.244495681704375E-4"
"impl"	"5.244495681704375E-4"
"impactant"	"5.244495681704375E-4"
"paraguaná_refinery_complec"	"5.244495681704375E-4"
"incluy"	"5.244495681704375E-4"
"conceptual"	"5.244495681704375E-4"
"concres"	"5.244495681704375E-4"
"gympi"	"5.244495681704375E-4"
"commissioner"	"5.244495681704375E-4"
"@rescueph"	"5.244495681704375E-4"
"blew"	"5.244495681704375E-4"
"ocurrió"	"5.244495681704375E-4"
"local"	"5.244495681704375E-4"
"plum"	"5.244495681704375E-4"
"poem"	"5.244495681704375E-4"
"clean-up"	"5.244495681704375E-4"
"commens"	"5.244495681704375E-4"
"@redcrossau:"	"5.244495681704375E-4"
"pledg"	"5.244495681704375E-4"
"nel"	"5.244495681704375E-4"
"advisory:"	"5.244495681704375E-4"
"local_government_are"	"5.244495681704375E-4"
"off-dut"	"5.244495681704375E-4"
"polymer"	"5.244495681704375E-4"
"comisión"	"5.244495681704375E-4"
"farrel"	"5.244495681704375E-4"
"famili"	"5.244495681704375E-4"
"m7"	"5.244495681704375E-4"
"informan"	"5.244495681704375E-4"
"lockyer_valle"	"5.244495681704375E-4"
"lockyer"	"5.244495681704375E-4"
"bright"	"5.244495681704375E-4"
"dispatch"	"5.244495681704375E-4"
"wouldn"	"5.244495681704375E-4"
"subsid"	"5.244495681704375E-4"
"wash_up"	"5.244495681704375E-4"
"set_up"	"5.244495681704375E-4"
"какой"	"5.244495681704375E-4"
"@abcwidebay:"	"5.244495681704375E-4"
"-east"	"5.244495681704375E-4"
"любимой"	"5.244495681704375E-4"
"#newbedon"	"5.244495681704375E-4"
"4pm"	"5.244495681704375E-4"
"seq"	"5.244495681704375E-4"
"@abcnews:"	"5.244495681704375E-4"
"8:42"	"5.244495681704375E-4"
"sw"	"5.244495681704375E-4"
"звезду"	"5.244495681704375E-4"
"stallion"	"5.244495681704375E-4"
"2013_california_wildfire_season"	"5.244495681704375E-4"
"@autalert:"	"5.244495681704375E-4"
"@abcnews24:"	"5.244495681704375E-4"
"метеорит"	"5.244495681704375E-4"
"reiter"	"5.244495681704375E-4"
"shooting:"	"5.244495681704375E-4"
"челябинский"	"5.244495681704375E-4"
"@ancalers"	"5.244495681704375E-4"
"upses"	"5.244495681704375E-4"
"@cbsnews:"	"5.244495681704375E-4"
"1800"	"5.244495681704375E-4"
"vacuum"	"5.244495681704375E-4"
"@afp"	"5.244495681704375E-4"
"tokio_hotel"	"5.244495681704375E-4"
"santa_mar"	"5.244495681704375E-4"
"void_"	"5.244495681704375E-4"
"82"	"5.244495681704375E-4"
"submerg"	"5.244495681704375E-4"
"83km"	"5.244495681704375E-4"
"sangr"	"5.244495681704375E-4"
"updates:"	"5.244495681704375E-4"
"toggl"	"5.244495681704375E-4"
"rout"	"5.244495681704375E-4"
"8:42am"	"5.244495681704375E-4"
"44"	"5.244495681704375E-4"
"yanke"	"5.244495681704375E-4"
"seatrain_album"	"5.244495681704375E-4"
"veterans_da"	"5.244495681704375E-4"
"11:00pm"	"5.244495681704375E-4"
"web_applic"	"5.244495681704375E-4"
"#teamfollowback"	"5.244495681704375E-4"
"season_1"	"5.244495681704375E-4"
"@702sydne"	"5.244495681704375E-4"
"recovery_"	"5.244495681704375E-4"
"uncontain"	"5.244495681704375E-4"
"9º"	"5.244495681704375E-4"
"underwa"	"5.244495681704375E-4"
"see_in"	"5.244495681704375E-4"
"sunlight"	"5.244495681704375E-4"
"telephone_number"	"5.244495681704375E-4"
"10th_edit"	"5.244495681704375E-4"
"#b…"	"5.244495681704375E-4"
"stay_"	"5.244495681704375E-4"
"times:"	"5.244495681704375E-4"
"11pm"	"5.244495681704375E-4"
"#crash"	"5.244495681704375E-4"
"sound_system"	"5.244495681704375E-4"
"sound_reproduc"	"5.244495681704375E-4"
"021"	"5.244495681704375E-4"
"23-year-old"	"5.244495681704375E-4"
"sicyo"	"5.244495681704375E-4"
"residential_are"	"5.244495681704375E-4"
"@buzzfeednews:"	"5.244495681704375E-4"
"231"	"5.244495681704375E-4"
"@_snape_:"	"5.244495681704375E-4"
"telstr"	"5.244495681704375E-4"
"245"	"5.244495681704375E-4"
"red_alers"	"5.244495681704375E-4"
"suppl"	"5.244495681704375E-4"
"sufrir"	"5.244495681704375E-4"
"responder"	"5.244495681704375E-4"
"temperam"	"5.244495681704375E-4"
"950"	"5.244495681704375E-4"
"roar"	"5.244495681704375E-4"
"ua&amp"	"5.244495681704375E-4"
"victims:"	"5.244495681704375E-4"
"romant"	"5.244495681704375E-4"
"religious_text"	"5.244495681704375E-4"
"strike:"	"5.244495681704375E-4"
"walker"	"5.244495681704375E-4"
"190"	"5.244495681704375E-4"
"usgs:"	"5.244495681704375E-4"
"#queensland"	"5.244495681704375E-4"
"#worldnew"	"5.244495681704375E-4"
"5°"	"5.244495681704375E-4"
"strongman"	"5.244495681704375E-4"
"student"	"5.244495681704375E-4"
"647"	"5.244495681704375E-4"
"spread:"	"5.244495681704375E-4"
"tv_st"	"5.244495681704375E-4"
"wal-mart"	"5.244495681704375E-4"
"vídeo_show"	"5.244495681704375E-4"
"610"	"5.244495681704375E-4"
"пообещал"	"5.244495681704375E-4"
"своей"	"5.244495681704375E-4"
"суровый"	"5.244495681704375E-4"
"ural_mountain"	"5.244495681704375E-4"
"780"	"5.244495681704375E-4"
"6am"	"5.244495681704375E-4"
"романтик"	"5.244495681704375E-4"
"say:"	"5.244495681704375E-4"
