"NumberOfHashTag"	"0.10601169665800236"
"cost"	"0.05585319532046362"
"NumberOfNouns"	"0.044158314453729974"
"ric"	"0.043791577788105385"
"atlantic_ocean"	"0.03726534920340885"
"caribbean_se"	"0.03629746932510236"
"costa_ric"	"0.03583511273872331"
"central_american_countr"	"0.034670428493745575"
"panam"	"0.034338124391475655"
"collaps"	"0.0321471695832477"
"terremot"	"0.030501700468868242"
"TweetLength"	"0.026163820584148012"
"fir"	"0.025556821191971113"
"7"	"0.025073192706682956"
"#earthquak"	"0.024291613269144308"
"structural_integrity_and_failur"	"0.023487240664975872"
"coast"	"0.02288393206278172"
"inform"	"0.022333493760215095"
"wealth"	"0.021906560354144955"
"financial_condit"	"0.021906560354144955"
"NumberOfVerbs"	"0.021876339648045584"
"#redoctober"	"0.021582242194397416"
"event_"	"0.020922341812022016"
"NumberOfWords"	"0.02061813482032493"
"shor"	"0.020141548158550293"
"build"	"0.019954772406608368"
"anatomical_structur"	"0.01903800023460056"
"phenomenon"	"0.018860788131125905"
"natural_disaster"	"0.018410255792743135"
"failur"	"0.01775531844043421"
"percept"	"0.017309406438146824"
"econom"	"0.017271579928487713"
"economic_system"	"0.016712417558303994"
"philosoph"	"0.016697936000868108"
"flood"	"0.01654347610556539"
"geological_phenomenon"	"0.01608194765051718"
"rt"	"0.016063356530169437"
"tsunami_warning_system"	"0.01568419337932414"
"water"	"0.015337959475317131"
"capit"	"0.01491919375331252"
"tol"	"0.014756117318299511"
"countr"	"0.01397712317567279"
"nat"	"0.013668708890364867"
"#bangladesh"	"0.013036633743101822"
"hydrolog"	"0.012605820164452552"
"#colorad"	"0.012535126005327246"
"industrial_pl"	"0.012412017557392963"
"victim"	"0.012209747705936524"
"rain"	"0.011910798255943766"
"disaster"	"0.011642726308323192"
"fe"	"0.01162760861221468"
"hit"	"0.011604401443312096"
"conflagr"	"0.011544741760175503"
"factor"	"0.011473802257391919"
"australian_st"	"0.011385982880204204"
"industrial_architectur"	"0.011038727158666162"
"injur"	"0.011029350188737852"
"hap"	"0.01091395785174909"
"river"	"0.010633743195374912"
"warn"	"0.010162887063061454"
"wildfir"	"0.010039713556901364"
"death_tol"	"0.009730167385618493"
"process_"	"0.00881349441299839"
"landform"	"0.008778800202604464"
"tsunam"	"0.008771041854965245"
"typhoon"	"0.008483817012239436"
"wav"	"0.008353568994324934"
"affect"	"0.008266873995935398"
"cyclon"	"0.008041800766621754"
"quak"	"0.007941977196113115"
"pennsylvania_railroad"	"0.007758068860174716"
"southern_pacific_transportation_compan"	"0.007758068860174716"
"californ"	"0.007758068860174716"
"_rock_island_and_pacific_railroad"	"0.007758068860174716"
"9"	"0.007725444535895298"
"hurrican"	"0.007673240495765454"
"sand"	"0.007512198301714679"
"chang"	"0.007478300025367868"
"unfortun"	"0.0074373579897177855"
"sism"	"0.00739694643388078"
"propers"	"0.007336687052723945"
"cover"	"0.007313423576207123"
"minor_planet"	"0.0073018097880072075"
"estraterrestrial_bod"	"0.0072499443541786945"
"energ"	"0.007194995082692945"
"new_south_wal"	"0.007073600170743544"
"combust"	"0.006889247990530034"
"strong"	"0.006889179213469876"
"earthquak"	"0.006796365005006466"
"geolog"	"0.006782150795361486"
"#pabl"	"0.006755087889521727"
"guatemal"	"0.006753812881042265"
"tra"	"0.0067511157541356726"
"chicag"	"0.00673658564478552"
"oxid"	"0.00672159121932181"
"dead"	"0.006693584876495073"
"meteor"	"0.006632321518129758"
"alers"	"0.006513899812938706"
"death"	"0.0064748789263180395"
"prayer"	"0.006429975690963263"
"rus"	"0.006427775484627474"
"2010_haiti_earthquak"	"0.006393974637496913"
"geophys"	"0.006393974637496913"
"oscil"	"0.006380393936761153"
"astronom"	"0.00632476608334076"
"comput"	"0.006299576413911878"
"settl"	"0.006279142483154643"
"time_zon"	"0.006240235940605632"
"geograph"	"0.006222124459470901"
"#nswfir"	"0.00620145238779346"
"bus"	"0.006165232356156847"
"queensland"	"0.006112480881111271"
"mov"	"0.00604350501961759"
"NumberOfPronouns"	"0.006017945439635963"
"greenwich_mean_tim"	"0.005900444011309736"
"evacu"	"0.005854506034416063"
"mater"	"0.005728221459171068"
"inf"	"0.005658109362890351"
"gmt"	"0.005638119629994831"
"impel"	"0.0056378013945173056"
"cre"	"0.005593477644463274"
"en"	"0.005576820829943596"
"social_group"	"0.005554930234128341"
"composit"	"0.0054999840591521965"
"laugh"	"0.005474320913481212"
"strik"	"0.005323637515517676"
"forc"	"0.005229695527321332"
"broadcast"	"0.005215865151280585"
"september"	"0.005140882353907972"
"time_standard"	"0.005094848499900606"
"cris"	"0.0050745418042158486"
"upd"	"0.005063946131424912"
"glasgow"	"0.005050257601348251"
"biolog"	"0.0049870925419093215"
"fuers"	"0.004924752176866276"
"#russianmeteor"	"0.00488324275261276"
"ris"	"0.004837970172912764"
"2012"	"0.004754655752577497"
"explos"	"0.004656566034562104"
"mathemat"	"0.004650770631517087"
"grado"	"0.004630126635188803"
"austral"	"0.004595795275000203"
"risk"	"0.004528755342424695"
"typhoon_boph"	"0.004523560176150854"
"qld"	"0.0044778574615826905"
"misfortun"	"0.004443033613360625"
"peopl"	"0.004415485124209084"
"afghanistan"	"0.0043987409253706256"
"#méxic"	"0.0043987409253706256"
"thos"	"0.004377421370635459"
"000"	"0.004377421370635459"
"terminolog"	"0.004344934630135966"
"【#usg"	"0.004332739591886736"
"diplom"	"0.00433026545788795"
"hurt"	"0.004280589480351815"
"rescuer"	"0.0042753776074732075"
"los_angel"	"0.004190049645673932"
"#prayfromjapan"	"0.0041707211531970545"
"collapse:"	"0.004168329897056289"
"pra"	"0.004153812104170984"
"report"	"0.004114000760498615"
"#地震"	"0.0040593832378528205"
"#mus"	"0.0040593832378528205"
"#jishin"	"0.004009006060301079"
"ap_"	"0.004006697653790914"
"thermodynam"	"0.003977543631246805"
"emerg"	"0.003934014074387093"
"matter"	"0.003932216767489005"
"princ"	"0.0038897666987899315"
"shooter"	"0.003887872759044453"
"volunteer"	"0.0038453867652654683"
"alter"	"0.003835250280777247"
"faith"	"0.0037644499564236655"
"secular_st"	"0.003754516816045217"
"textile_industr"	"0.0037448734716728493"
"sacrific"	"0.0037448734716728493"
"richter"	"0.0037448734716728493"
"worship"	"0.003724308970867396"
"#losangel"	"0.0037201916679960867"
"higher_cognitive_proces"	"0.003719269952442761"
"gift"	"0.0036807732498883583"
"art"	"0.0036769313690611094"
"int"	"0.0036727758290098222"
"#guatemal"	"0.0036725946608773263"
"materi"	"0.0036694264210866967"
"shoot"	"0.0036092202033910503"
"chin"	"0.003592891026301781"
"textile_mil"	"0.003590581837133233"
"swed"	"0.0035884844820658346"
"chemister"	"0.0035720985975925545"
"#sism"	"0.003560263831839161"
"#l"	"0.0035506581243480717"
"destro"	"0.003548533710949764"
"phys"	"0.003535749346291861"
"weather"	"0.003526531527130339"
"islamic_republ"	"0.0035258711972041556"
"entertainm"	"0.0035142478424039503"
"volum"	"0.0034646790798094074"
"gam"	"0.0034497649220947"
"news_ag"	"0.0034456939633472627"
"aid"	"0.0034350604693753617"
"atmospheric_phenomenon"	"0.0034332620644822454"
"laborer"	"0.0033973496436467965"
"#highparkfir"	"0.0033973496436467965"
"#bestrapper"	"0.003381166046731665"
"#banglaspr"	"0.003381166046731665"
"involut"	"0.003379519980490353"
"0"	"0.003374701509693989"
"commun"	"0.0033522740110702998"
"rechtsstaat"	"0.00332197088460906"
"suspect"	"0.003310140881795376"
"pub"	"0.003283678896913611"
"hundreds_"	"0.0032794283870407615"
"hundred"	"0.0032794283870407615"
"update:"	"0.0032794283870407615"
"hous"	"0.003277508683278918"
"#philip"	"0.0032642445149979604"
"sci"	"0.00324569523312912"
"discharg"	"0.0032295442583772926"
"hah"	"0.0032056862888786286"
"polic"	"0.003167678303836907"
"@"	"0.0031081869350083613"
"singer"	"0.003098124221233567"
"hom"	"0.003075994476091637"
"everyon"	"0.003072050060025977"
"#alert】"	"0.003046249135061019"
"devast"	"0.0030444372346126736"
"ha"	"0.0030356549301470137"
"thought"	"0.003003614924029563"
"nsw"	"0.0029864511637760494"
"lov"	"0.002979998238496817"
"consumer_good"	"0.0029622900741350655"
"touch"	"0.002953916319120453"
"ou_nederlandse_maandnam"	"0.0029122469461135836"
"landlocked_countr"	"0.0029113700468830217"
"dam"	"0.0029013140007919658"
"sacud"	"0.0028855652985038116"
"#saiga"	"0.0028729383992331936"
"king"	"0.0028729383992331936"
"human_sexu"	"0.0028729383992331936"
"las_veg"	"0.0028729383992331936"
"city_"	"0.0028729383992331936"
"2013_glasgow_helicopter_crash"	"0.0028715399541646702"
"marbl"	"0.0028715399541646702"
"behavior"	"0.0028594148300561395"
"abod"	"0.002847595015514348"
"caribbean"	"0.002833368225385491"
"islam"	"0.002829994288378934"
"auditory_communic"	"0.002829994288378934"
"ordinalskal"	"0.0028280990654627747"
"intervallskal"	"0.0028280990654627747"
"cities_of_japan"	"0.0028280990654627747"
"richter_scal"	"0.0028280990654627747"
"land"	"0.00281048084769131"
"don"	"0.0028102217120478112"
"united_kingdom"	"0.002790409651240111"
"reuter"	"0.002749841962243149"
"month"	"0.002748920408209621"
"bear_on"	"0.002746450211083551"
"el_salvador"	"0.0027342385972800587"
"the_game_"	"0.0027288626381674064"
"mind_gam"	"0.0027288626381674064"
"vide"	"0.002725733717230172"
"recre"	"0.0027163420454013876"
"law_enforcement_ag"	"0.002715212963449898"
"garm"	"0.0027136107697360856"
"#se"	"0.002703611974985698"
"#initialsofsomeonespec"	"0.002703611974985698"
"lap"	"0.002703611974985698"
"sever"	"0.0027022960143211483"
"blu"	"0.0027022960143211483"
"sta"	"0.0026879915758015738"
"laughter"	"0.0026795089990998555"
"port"	"0.0026793442404576817"
"savar"	"0.002677696484959191"
"celestial_ev"	"0.002677696484959191"
"rav"	"0.002677696484959191"
"lol"	"0.0026486673881133127"
"expressão_idiomátic"	"0.0026486673881133127"
"drinking_establishm"	"0.0026463550630124733"
"magnitud"	"0.002604566453706103"
"gregorian_calendar_month"	"0.0026027663382997"
"low_explos"	"0.002582567344945441"
"#job"	"0.0025709992676686833"
"rica:"	"0.0025694352407226173"
"#shahbag"	"0.002555243483680081"
"god"	"0.002541764922973533"
"#sf"	"0.0025343269114795897"
"internet_encycloped"	"0.0025343269114795897"
"#blog"	"0.0025343269114795897"
"heterarch"	"0.0025343269114795897"
"encycloped"	"0.0025343269114795897"
"dog_typ"	"0.0025343269114795897"
"cuff"	"0.0025343269114795897"
"california:"	"0.0025343269114795897"
"#turnup"	"0.0025343269114795897"
"wikimedia_project"	"0.0025343269114795897"
"destroy"	"0.002533093407258935"
"trap"	"0.002533093407258935"
"temblor"	"0.0025281156547674044"
"ar"	"0.0025269329409494112"
"accolad"	"0.0025167315091916276"
"civil_servic"	"0.0025138783018117117"
"mor"	"0.0024911986911049233"
"demonstr"	"0.002475508903912571"
"graduated_t"	"0.0024735296028556286"
"human"	"0.0024190873599688745"
"quant"	"0.0024170812397238395"
"#filipin"	"0.002413757184618004"
"#west"	"0.002412725822244721"
"#waldocanyonfir"	"0.0024122757260731653"
"group"	"0.002403667638792073"
"member_state_of_the_union_of_south_american_n"	"0.0023794231039020453"
"cros"	"0.0023794231039020453"
"statutory_author"	"0.0023794231039020453"
"tavern"	"0.0023794231039020453"
"aerosol"	"0.0023708686946898316"
"#wp"	"0.002365083187694239"
"group_11_el"	"0.002365083187694239"
"#veg"	"0.002365083187694239"
"royalt"	"0.002365083187694239"
"#bayare"	"0.002365083187694239"
"mp3_blog"	"0.002365083187694239"
"cali_"	"0.002365083187694239"
"#oakland"	"0.002365083187694239"
"#sm"	"0.002365083187694239"
"#oc"	"0.002365083187694239"
"#cal"	"0.002365083187694239"
"region:"	"0.002365083187694239"
"search_engine_optim"	"0.002365083187694239"
"@nswrfs:"	"0.002363932111978717"
"floods:"	"0.002363932111978717"
"girl"	"0.0023389274300028573"
"#temblorcr"	"0.002313165196293987"
"delug"	"0.0022899917260008618"
"pleas"	"0.002281285698926716"
"athles"	"0.002276131707309448"
"follower"	"0.002257197485347584"
"new_jerse"	"0.002257197485347584"
"#savebangladesh"	"0.002257197485347584"
"earth"	"0.002256301714548825"
"bushfires_in_austral"	"0.002255798567188938"
"approach"	"0.002255798567188938"
"industr"	"0.0022486272284677478"
"remain"	"0.0022451147998919785"
"binary_compound"	"0.002239838921042181"
"danger"	"0.002238782252365512"
"express_emot"	"0.0022332588187082836"
"new_south_wales_rural_fire_servic"	"0.0022316942622988556"
"amount"	"0.002201736946133015"
"推定"	"0.0021958807826428783"
"#worldser"	"0.0021958807826428783"
"#bushfir"	"0.0021948121075077154"
"cluth"	"0.0021948121075077154"
"http:/"	"0.0021948121075077154"
"@breakingnews:"	"0.0021948121075077154"
"tim"	"0.002172909224405384"
"#helicopter"	"0.002161675583320588"
"_"	"0.002161675583320588"
"#costaric"	"0.002151517991895169"
"leav"	"0.002124916012868572"
"describ"	"0.0021229464152886512"
"qualif"	"0.0021229464152886512"
"civil_serv"	"0.0021229464152886512"
"vi"	"0.002104580208910467"
"haiyan"	"0.0021000750661401835"
"alluvion"	"0.0021000750661401835"
"chemical_subst"	"0.0020743631325713663"
"indones"	"0.0020694637153978457"
"de"	"0.002059498701770912"
"power"	"0.00205635371605839"
"dirit"	"0.0020309236780037265"
"ufficio_"	"0.0020309236780037265"
"■■緊急地震速報"	"0.0020267196753491756"
"[詳細]"	"0.0020267196753491756"
"@zishin3255:"	"0.0020267196753491756"
"■■"	"0.0020267196753491756"
"#cardinaln"	"0.0020267196753491756"
"change_integr"	"0.002025733372889027"
"region_of_the_philip"	"0.002025733372889027"
"@ap:"	"0.002025733372889027"
"vowel_break"	"0.002025733372889027"
"multipl"	"0.002025733372889027"
"defender"	"0.0020209293790339755"
"academic_degre"	"0.0020209293790339755"
"ingredi"	"0.0020209293790339755"
"#quak"	"0.0020125893943924167"
"firefighter"	"0.002010691599914516"
"rescu"	"0.0020021845700952667"
"found"	"0.0019993654531226257"
"survivor"	"0.0019904619026882564"
"break"	"0.001950275651473321"
"#earthquake:"	"0.0019464230596686338"
"fad"	"0.0019464230596686338"
"red_cros"	"0.0019451891383012176"
"connect"	"0.0019451891383012176"
"countries_of_the_united_kingdom"	"0.0019451891383012176"
"sacudió"	"0.0019451891383012176"
"sedim"	"0.0019451891383012176"
"legal_term"	"0.0019451891383012176"
"request_tracker"	"0.0019398086545848736"
"bbc"	"0.0019394843161372188"
"mad"	"0.0019305743821341759"
"pla"	"0.0019290618590365183"
"saf"	"0.0019283412294934799"
"#lac"	"0.0019134016902564444"
"fil"	"0.0019101700100296881"
"bel"	"0.001897450549169566"
"episcop"	"0.0018894898694510331"
"wak"	"0.0018829103856018437"
"shak"	"0.0018829103856018437"
"municip"	"0.001866943983276581"
"playoff"	"0.0018575998448526754"
"131106"	"0.0018575998448526754"
"mb"	"0.0018575998448526754"
"ko"	"0.0018575998448526754"
"islands_reg"	"0.0018575998448526754"
"pakistan"	"0.0018575998448526754"
"#temblor♨"	"0.0018575998448526754"
"#cardin"	"0.0018575998448526754"
"@earthquake_jp:"	"0.0018575998448526754"
"region_of_papua_new_guine"	"0.0018575998448526754"
"2013_savar_building_collaps"	"0.001856695887185511"
"area_unit"	"0.001856695887185511"
"rican"	"0.001856695887185511"
"recoverer"	"0.001856695887185511"
"@ap"	"0.001856695887185511"
"unmak"	"0.001856695887185511"
"bles"	"0.001856695887185511"
"_2002"	"0.001856695887185511"
"regulation_of_interception_of_communications_and_provision_of_communication-related_information_act"	"0.001856695887185511"
"enlisted_person"	"0.0018543949080659372"
"modif"	"0.0018529124463286806"
"il"	"0.001850972292554376"
"por"	"0.001814033251767433"
"pacific_ocean"	"0.0018039836475104432"
"labour"	"0.0018029879861533038"
"job"	"0.0018029879861533038"
"definite_integr"	"0.0017969671566233636"
"tournam"	"0.001796532558063224"
"daño"	"0.0017952157068803487"
"http://t"	"0.001792464139406813"
"wikiped"	"0.0017923919398189492"
"hahah"	"0.0017923919398189492"
"casualt"	"0.0017912404748989808"
"police_avi"	"0.0017912404748989808"
"yacht_club"	"0.0017912404748989808"
"thre"	"0.0017912404748989808"
"displac"	"0.0017860217259295652"
"distribut"	"0.0017776656569384874"
"stil"	"0.0017747214550829504"
"identif"	"0.0017652124691225346"
"confirm"	"0.0017652124691225346"
"3"	"0.0017621905961878737"
"technolog"	"0.0017442896887281956"
"produc"	"0.0017431001261639656"
"statutory_corpor"	"0.0017168537498156722"
"acros"	"0.0017168537498156722"
"100"	"0.0017168537498156722"
"ts"	"0.0017168537498156722"
"spectral_color"	"0.0017157081399022944"
"caus"	"0.0016979737623875613"
"stream"	"0.0016979737623875613"
"fal"	"0.0016979737623875613"
"burn"	"0.0016932598968226742"
"_massachuses"	"0.0016885212702073549"
"@cardin"	"0.0016885212702073549"
"#deprem"	"0.0016885212702073549"
"deprem"	"0.0016885212702073549"
"#12in13"	"0.0016885212702073549"
"bever"	"0.0016885212702073549"
"world_ser"	"0.0016885212702073549"
"co/exjb4v0rbx"	"0.0016885212702073549"
"war_crim"	"0.0016885212702073549"
"#breaking:"	"0.0016876996294632463"
"réplic"	"0.0016876996294632463"
"backwash"	"0.0016876996294632463"
"immedi"	"0.0016876996294632463"
"allevi"	"0.0016876996294632463"
"british_imperial_system"	"0.0016876996294632463"
"scotland"	"0.0016876996294632463"
"hub"	"0.0016876996294632463"
"greek_cros"	"0.0016876996294632463"
"@nswrf"	"0.0016876996294632463"
"alask"	"0.0016607830849931782"
"-"	"0.001659219974252002"
"whit"	"0.0016535760541716016"
"pabl"	"0.0016534765857474376"
"relief"	"0.0016534765857474376"
"constituent_countr"	"0.001652341715374095"
"latest"	"0.0016491878679083527"
"clutha_"	"0.0016491878679083527"
"recov"	"0.0016464728205032308"
"inexperienced_person"	"0.0016394178002244741"
"sequ"	"0.00163868813615764"
"sardegn"	"0.0016383487638060856"
"500"	"0.0016383487638060856"
"destruc"	"0.0016383487638060856"
"rubbl"	"0.0016383487638060856"
"aec_regent_iii_rt"	"0.0016329363992707568"
"analog_sign"	"0.001611789506842598"
"sad"	"0.001611789506842598"
"concept"	"0.0016054768425816102"
"#pabloph"	"0.0016005326552767096"
"5"	"0.0015995136253422748"
"metropol"	"0.0015910085403569862"
"kil"	"0.0015874708665009063"
"sydne"	"0.0015872663126752506"
"chemical_compound"	"0.0015853744111430368"
"shahbag"	"0.0015837418746140752"
"#nswrf"	"0.0015824245777154022"
"6"	"0.0015756192896947407"
"physical_quant"	"0.0015620523874528836"
"channel"	"0.0015616272588391267"
"island"	"0.001550601815051511"
"competit"	"0.0015480884017897711"
"harm"	"0.0015466880624405155"
"job_act"	"0.0015466880624405155"
"workplace_conflict"	"0.0015466880624405155"
"transportation_security_administer"	"0.0015466880624405155"
"resident"	"0.0015466880624405155"
"shower"	"0.0015466880624405155"
"boph"	"0.0015466880624405155"
"cloth"	"0.0015425664941679518"
"clos"	"0.001538987218765775"
"ec"	"0.0015382553052560866"
"utc"	"0.0015325611794555494"
"—"	"0.0015285087754819404"
"resourc"	"0.0015285087754819404"
"author"	"0.001525655578906937"
"magnitude  mb"	"0.001519483930490062"
"#lca2013"	"0.001519483930490062"
"baseball_team"	"0.001519483930490062"
"mixtap"	"0.001519483930490062"
"#siegedhak"	"0.001519483930490062"
"united_states_armed_forc"	"0.001519483930490062"
"floods_in_austral"	"0.0015187445788238385"
"canton_of_costa_ric"	"0.0015187445788238385"
"hydrographic_and_oceanographic_service_of_the_chilean_nav"	"0.0015187445788238385"
"@stcom:"	"0.0015187445788238385"
"flood_warn"	"0.0015187445788238385"
"evacue"	"0.0015187445788238385"
"conjur"	"0.0015187445788238385"
"300"	"0.0015187445788238385"
"magnitude-7"	"0.0015187445788238385"
"6-magnitud"	"0.0015187445788238385"
"avail"	"0.0015187445788238385"
"haiyan:"	"0.0015187445788238385"
"benefact"	"0.0015187445788238385"
"ural"	"0.0015187445788238385"
"#cebu"	"0.0015121694345004988"
"meteor_shower"	"0.0015110175801067438"
"grad"	"0.0015110175801067438"
"go_out"	"0.0015110175801067438"
"alluv"	"0.0015110175801067438"
"ther"	"0.001499120814485777"
"muslim"	"0.001487646060221559"
"tradit"	"0.001487646060221559"
"support"	"0.001486957563817226"
"roof"	"0.0014866594243834186"
"según"	"0.0014866594243834186"
"rib"	"0.0014866594243834186"
"profes"	"0.001476550254527198"
"natural_langu"	"0.0014679451778876196"
"rt_"	"0.00146463145775666"
"mak"	"0.001461605806139743"
"par"	"0.001458232793929537"
"member_state_of_the_united_n"	"0.0014570832882687679"
"valle"	"0.0014497846755744392"
"con"	"0.0014477435787042525"
"electronic_med"	"0.001439553860699827"
"cardin"	"0.0014241630682784168"
"issue_tracking_system"	"0.0014197443749066618"
"condit"	"0.0014197443749066618"
"great_power"	"0.001412470644664321"
"transcontinental_countr"	"0.001412470644664321"
"cinema_of_the_united_st"	"0.001410610332547968"
"object"	"0.00140972564964581"
"measure_"	"0.0014024261695362306"
"cit"	"0.0013891621020539757"
"encounter"	"0.001380908137070147"
"come_about"	"0.0013757035105564919"
"monothe"	"0.0013724963266552592"
"virgin"	"0.0013724963266552592"
"spring"	"0.0013719766924634724"
"400"	"0.0013714269287057324"
"news:"	"0.0013714269287057324"
"communic"	"0.0013693141594656177"
"mental_proces"	"0.0013599083824967773"
"tourist_attract"	"0.0013567209482213682"
"acoustic_wav"	"0.0013567209482213682"
"#boulderflood"	"0.0013561606084188105"
"traged"	"0.001354509514275959"
"#pakistan"	"0.0013504878047898572"
"深さ10km"	"0.0013504878047898572"
"pearl_jam_album"	"0.0013504878047898572"
"#breaking】"	"0.0013504878047898572"
"billionair"	"0.0013504878047898572"
"#lov"	"0.0013504878047898572"
"decision_mak"	"0.0013504878047898572"
"xd"	"0.0013504878047898572"
"alaska:"	"0.0013504878047898572"
"最大震度"	"0.0013504878047898572"
"@td_deportes:"	"0.0013504878047898572"
"bachelor"	"0.0013504878047898572"
"go=&gt"	"0.0013504878047898572"
"naman"	"0.0013504878047898572"
"service_on_internet"	"0.0013504878047898572"
"building_mater"	"0.0013504878047898572"
"bno_new"	"0.0013498307143724464"
"central_rus"	"0.0013498307143724464"
"newsfeed"	"0.0013498307143724464"
"evacuee"	"0.0013498307143724464"
"condol"	"0.0013498307143724464"
"forest_fir"	"0.0013498307143724464"
"perú"	"0.0013498307143724464"
"meteorite_fal"	"0.0013498307143724464"
"appris"	"0.0013498307143724464"
"fire:"	"0.0013498307143724464"
"#nsw"	"0.0013498307143724464"
"basic_train"	"0.0013498307143724464"
"carib"	"0.0013498307143724464"
"explosion_"	"0.0013498307143724464"
"loc"	"0.001342669765259208"
"near-earth_aster"	"0.001342669064717139"
"chelyabinsk_meteor"	"0.001342669064717139"
"slavic_langu"	"0.0013419149560293109"
"megaregions_of_the_united_st"	"0.001337255822364991"
"san_francisco_bay_are"	"0.001337255822364991"
"#pasthour"	"0.001337255822364991"
"noble_metal"	"0.001337255822364991"
"voluntary_act"	"0.001337255822364991"
"card"	"0.001337255822364991"
"#cd"	"0.001337255822364991"
"anti-social_behaviour"	"0.001337255822364991"
"paul_the_apostl"	"0.001337255822364991"
"central_californ"	"0.001337255822364991"
"southern_californ"	"0.001337255822364991"
"black"	"0.001337255822364991"
"body_of_chr"	"0.001337255822364991"
"transgres"	"0.001337255822364991"
"pacífic"	"0.0013363515592037523"
"explod"	"0.0013363515592037523"
"http:"	"0.0013363515592037523"
"aw"	"0.0013363515592037523"
"worst"	"0.0013363515592037523"
"atroc"	"0.0013363515592037523"
"@tobeymonster"	"0.0013363515592037523"
"kind"	"0.0013329747986784435"
"natural_person"	"0.0013314070579384385"
"international_organ"	"0.0013314070579384385"
"central_american"	"0.0013191192336936552"
"misadventur"	"0.0013191192336936552"
"costa_rican"	"0.0013191192336936552"
"ges"	"0.0013171305227218655"
"#new"	"0.0013122757404335772"
"shot"	"0.0012985024600196127"
"change_of_integr"	"0.0012970000211857124"
"plumbing_fixtur"	"0.0012970000211857124"
"hop"	"0.0012955182016978206"
"compan"	"0.0012926800131183303"
"south_american_countr"	"0.0012750183336682763"
"network"	"0.0012676581956228006"
"structur"	"0.0012635290309572778"
"assist"	"0.0012579096624992792"
"liquid"	"0.0012558515271209325"
"film"	"0.0012556633569136277"
"imag"	"0.0012523412767383446"
"continu"	"0.0012476928548235122"
"direct"	"0.0012476928548235122"
"find"	"0.0012476928548235122"
"afric"	"0.0012347761307209826"
"gold"	"0.0012347761307209826"
"subsister"	"0.0012337891612763663"
"middle_school"	"0.0012337891612763663"
"invoc"	"0.0012337891612763663"
"wors"	"0.0012337891612763663"
"crash"	"0.0012306789442035893"
"primary_color"	"0.001227690073921761"
"|"	"0.0012231562348711256"
"actu"	"0.0012157137994219802"
"social_st"	"0.001211839624750355"
"reflec"	"0.001205528624245611"
"bar"	"0.0012041268608120603"
"#allertameteosar"	"0.0011906446079724686"
"usg"	"0.0011906446079724686"
"breaking:"	"0.0011906446079724686"
"independent_ag"	"0.0011906446079724686"
"bush"	"0.0011906446079724686"
"bequest"	"0.0011884711567966555"
"compens"	"0.0011876492384247372"
"trag"	"0.0011876492384247372"
"plane_figur"	"0.0011876492384247372"
"abov"	"0.0011876492384247372"
"bangladesh"	"0.0011833600940932554"
"震源地"	"0.001181532872211899"
"wag"	"0.001181532872211899"
"flower"	"0.001181532872211899"
"fak"	"0.001181532872211899"
"#anonym"	"0.001181532872211899"
"argentin"	"0.001181532872211899"
"#syr"	"0.001181532872211899"
"sil"	"0.001181532872211899"
"southeast_alask"	"0.001181532872211899"
"click"	"0.001181532872211899"
"coutur"	"0.001181532872211899"
"#fam"	"0.001181532872211899"
"package_"	"0.001181532872211899"
"package_management_system"	"0.001181532872211899"
"royal_and_noble_rank"	"0.001181532872211899"
"troop"	"0.001181532872211899"
"#sk"	"0.001181532872211899"
"#hondur"	"0.001181532872211899"
"aggres"	"0.001181532872211899"
"zambezi_reg"	"0.001181532872211899"
"birthda"	"0.001181532872211899"
"#revolut"	"0.001181532872211899"
"ak"	"0.001181532872211899"
"#hasin"	"0.001181532872211899"
"northern_californ"	"0.001181532872211899"
"_alask"	"0.001181532872211899"
"indepens"	"0.001181532872211899"
"#myanmar"	"0.001181532872211899"
"world_wide_web"	"0.001181532872211899"
"norte_reg"	"0.001181532872211899"
"@newearthquake:"	"0.0011809580152353227"
"@reuters:"	"0.0011809580152353227"
"chilen"	"0.0011809580152353227"
"squeez"	"0.0011809580152353227"
"state_of_matter"	"0.0011809580152353227"
"waldo_canyon_fir"	"0.0011809580152353227"
"confront"	"0.0011809580152353227"
"news_confer"	"0.0011809580152353227"
"@7newsbrisbane:"	"0.0011809580152353227"
"39"	"0.0011809580152353227"
"chilean"	"0.0011809580152353227"
"inund"	"0.0011809580152353227"
"metro_manil"	"0.0011809580152353227"
"pagas"	"0.0011809580152353227"
"escap"	"0.0011809580152353227"
"forest"	"0.0011809580152353227"
"@nswfire:"	"0.0011809580152353227"
"rins"	"0.0011809580152353227"
"magnetic_dip"	"0.0011809580152353227"
"flash_flood"	"0.0011809580152353227"
"ideolog"	"0.0011773635798625337"
"categor"	"0.0011773635798625337"
"blast"	"0.0011761279870723396"
"muerto"	"0.0011761279870723396"
"go_on"	"0.0011754617544779133"
"complejo_refinador_de_amua"	"0.0011754617544779133"
"scar"	"0.0011754617544779133"
"archipelag"	"0.001152932068062329"
"haz"	"0.0011514465885711367"
"outcom"	"0.0011233496848469526"
"upazil"	"0.0011233496848469526"
"savar_upazil"	"0.0011233496848469526"
"famil"	"0.0011233496848469526"
"fun"	"0.0010996286993060211"
"bishop"	"0.0010996286993060211"
"cultur"	"0.0010992739749051683"
"#mexic"	"0.0010992739749051683"
"political_ideolog"	"0.0010992739749051683"
"omg"	"0.0010992739749051683"
"#falcon"	"0.0010992739749051683"
"ball_gam"	"0.0010992739749051683"
"crew"	"0.0010983694060408"
"pressure_unit"	"0.0010983694060408"
"agent"	"0.0010983694060408"
"unit_of_pressur"	"0.0010983694060408"
"richter_"	"0.0010983694060408"
"fu"	"0.001098309616538895"
"stock_character"	"0.0010936134353838334"
"emot"	"0.001090005862468657"
"system"	"0.0010882890949840407"
"heavenly_bod"	"0.001085690010956708"
"ap"	"0.001085690010956708"
"physical_phenomenon"	"0.0010774412236116415"
"mot"	"0.0010754318532766316"
"institut"	"0.0010706092205050588"
"dominion"	"0.0010676801189941632"
"state_capit"	"0.0010676801189941632"
"bird"	"0.0010656030524202054"
"humour"	"0.0010656030524202054"
"depth:"	"0.0010656030524202054"
"fruit"	"0.0010656030524202054"
"#prayfortic"	"0.0010646157491464026"
"sociolog"	"0.0010636516667195117"
"video:"	"0.0010624986423322103"
"center"	"0.0010624986423322103"
"migr"	"0.0010564250197149239"
"boston_marathon_bomb"	"0.0010564250197149239"
"heav"	"0.0010532879594647993"
"amua"	"0.001052545634577462"
"request"	"0.0010485511489410904"
"revolut"	"0.0010415775502883307"
"#c"	"0.0010415775502883307"
"sleep"	"0.0010415775502883307"
"sinit"	"0.0010415775502883307"
"acquisit"	"0.0010415775502883307"
"throw"	"0.0010415775502883307"
"syr"	"0.0010415775502883307"
"til"	"0.0010415775502883307"
"soldi"	"0.0010415775502883307"
"cities_and_metropolitan_areas_of_the_united_st"	"0.0010415775502883307"
"protester"	"0.0010415775502883307"
"compes"	"0.0010415775502883307"
"partid"	"0.0010415775502883307"
"mund"	"0.0010415775502883307"
"pounds_per_square_inch"	"0.0010408379488412445"
"confin"	"0.0010408379488412445"
"200"	"0.0010408379488412445"
"fox_news_channel"	"0.0010408379488412445"
"wreck"	"0.0010408379488412445"
"improv"	"0.0010408379488412445"
"bundaberg"	"0.0010408379488412445"
"television_st"	"0.0010282993017943776"
"wound"	"0.0010273712827052472"
"remov"	"0.0010228447315210332"
"chemical_react"	"0.0010194538179962853"
"【"	"0.0010126191118807748"
"第1報"	"0.0010126191118807748"
"terrorist_attack"	"0.0010126191118807748"
"aircraft_hijack"	"0.0010126191118807748"
"mineral_resourc"	"0.0010126191118807748"
"::"	"0.0010126191118807748"
"music_artist_"	"0.0010126191118807748"
"regular_paym"	"0.0010126191118807748"
"#stlcard"	"0.0010126191118807748"
"persian_peopl"	"0.0010126191118807748"
"#災害"	"0.0010126191118807748"
"#blacknight"	"0.0010126191118807748"
"independenc"	"0.0010126191118807748"
"workm"	"0.0010126191118807748"
"winner"	"0.0010126191118807748"
"genoc"	"0.0010126191118807748"
"最終報"	"0.0010126191118807748"
"#ind"	"0.0010126191118807748"
"#islam"	"0.0010126191118807748"
"tifón"	"0.0010126191118807748"
"@byers_brian:"	"0.0010126191118807748"
"s_compens"	"0.0010126191118807748"
"suicide_bomber"	"0.0010126191118807748"
"magn"	"0.0010126191118807748"
"suicide_bomb"	"0.0010126191118807748"
"september_11"	"0.0010126191118807748"
"libr"	"0.0010126191118807748"
"entertain"	"0.0010126191118807748"
"fertilizant"	"0.0010126191118807748"
"#denver"	"0.0010126191118807748"
"_louis_cardin"	"0.0010126191118807748"
"2013_los_angeles_international_airport_shoot"	"0.001012126460551488"
"ecosystem"	"0.001012126460551488"
"media_ev"	"0.001012126460551488"
"guatemala:"	"0.001012126460551488"
"@deadmau5"	"0.001012126460551488"
"october_2007_california_wildfir"	"0.001012126460551488"
"colpit"	"0.001012126460551488"
"afp"	"0.001012126460551488"
"#centroaméric"	"0.001012126460551488"
"ignor"	"0.001012126460551488"
"32"	"0.001012126460551488"
"@qpsmedia:"	"0.001012126460551488"
"trigger"	"0.001012126460551488"
"@abscbnnews:"	"0.001012126460551488"
"local_area_network"	"0.001012126460551488"
"uno"	"0.001012126460551488"
"@612brisban"	"0.001012126460551488"
"irish_se"	"0.001012126460551488"
"american_band"	"0.001012126460551488"
"national_"	"0.001012126460551488"
"pin_down"	"0.001012126460551488"
"hermano"	"0.001012126460551488"
"fetoprotein"	"0.001012126460551488"
"acr"	"0.001012126460551488"
"imprisonm"	"0.001012126460551488"
"blue_mountains_"	"0.001012126460551488"
"arrang"	"0.001012126460551488"
"eastern_states_of_austral"	"0.001012126460551488"
"high_school"	"0.001012126460551488"
"fram"	"0.001012126460551488"
"build_in"	"0.001012126460551488"
"advertenc"	"0.001012126460551488"
"800"	"0.001012126460551488"
"alert:"	"0.001012126460551488"
"rainfal"	"0.001012126460551488"
"streak"	"0.001012126460551488"
"marco"	"0.001012126460551488"
"bless_you"	"0.001012126460551488"
"coordinated_universal_tim"	"9.962397843806814E-4"
"liter"	"9.962397843806814E-4"
"tw"	"9.752511124636598E-4"
"occup"	"9.735156203436457E-4"
"geographical_featur"	"9.728283504636392E-4"
"deliver"	"9.707346915364123E-4"
"advis"	"9.707346915364123E-4"
"smok"	"9.707346915364123E-4"
"rock"	"9.690904940101719E-4"
"road"	"9.681163306555218E-4"
"mission"	"9.66314402097046E-4"
"#dhak"	"9.66314402097046E-4"
"apostl"	"9.66314402097046E-4"
"authoritarian"	"9.66314402097046E-4"
"exercis"	"9.66314402097046E-4"
"wind"	"9.659037663821701E-4"
"2013_colorado_flood"	"9.654922059080251E-4"
"health"	"9.654922059080251E-4"
"withdraw"	"9.654922059080251E-4"
"sourc"	"9.654922059080251E-4"
"nas"	"9.654922059080251E-4"
"refin"	"9.575779078789814E-4"
"god_"	"9.575779078789814E-4"
"male_d"	"9.575779078789814E-4"
"abstract"	"9.526513017403815E-4"
"particulate_matter"	"9.515808177392726E-4"
"hypothes"	"9.511162232206383E-4"
"4"	"9.472294099235334E-4"
"team_sport"	"9.422408684869321E-4"
"nicaragu"	"9.413359937145982E-4"
"all_right"	"9.413359937145982E-4"
"impact"	"9.413359937145982E-4"
"celebr"	"9.411465809506803E-4"
"criter"	"9.401589436174307E-4"
"prob"	"9.401589436174307E-4"
"_new_south_wal"	"9.401589436174307E-4"
"litig"	"9.401589436174307E-4"
"inclus"	"9.401589436174307E-4"
"highwa"	"9.374842600005096E-4"
"united_states_cable_new"	"9.283596344774603E-4"
"#tsunam"	"9.282155152458005E-4"
"air"	"9.266440430345524E-4"
"1"	"9.105523743101473E-4"
"political_part"	"9.018134827115665E-4"
"neolog"	"8.969466475220456E-4"
"anybod"	"8.969466475220456E-4"
"massacr"	"8.969466475220456E-4"
"custod"	"8.962893351547319E-4"
"guanacast"	"8.962893351547319E-4"
"chain_stor"	"8.962893351547319E-4"
"#temblorgt"	"8.962893351547319E-4"
"#costarica:"	"8.962893351547319E-4"
"detent"	"8.962893351547319E-4"
"emergency_servic"	"8.962893351547319E-4"
"flam"	"8.962893351547319E-4"
"scos"	"8.962893351547319E-4"
"profit"	"8.962893351547319E-4"
"surg"	"8.962893351547319E-4"
"angl"	"8.962893351547319E-4"
"officer"	"8.956706893535893E-4"
"clergyman"	"8.955633040914623E-4"
"threat"	"8.944094983891482E-4"
"descens"	"8.944094983891482E-4"
"soil"	"8.889896104256056E-4"
"desir"	"8.889896104256056E-4"
"divis"	"8.859250074437774E-4"
"pl"	"8.859250074437774E-4"
"inst"	"8.83770702517106E-4"
"servic"	"8.818599448271458E-4"
"republ"	"8.725966131558627E-4"
"practic"	"8.679498362663685E-4"
"paym"	"8.679498362663685E-4"
"owner"	"8.66878989757347E-4"
"exploit"	"8.66878989757347E-4"
"lost"	"8.66878989757347E-4"
"city_with_millions_of_inhabit"	"8.668542063307028E-4"
"pos"	"8.644864316015299E-4"
"national_capit"	"8.621471133064551E-4"
"order"	"8.514110692837695E-4"
"day"	"8.508759252388032E-4"
"flow"	"8.500901957952944E-4"
"commonwealth_realm"	"8.457236117010991E-4"
"marketing_strateg"	"8.446336900251872E-4"
"particl"	"8.446336900251872E-4"
"#cowx"	"8.446336900251872E-4"
"therap"	"8.437465029353941E-4"
"buyer"	"8.437465029353941E-4"
"greec"	"8.437465029353941E-4"
"ushes"	"8.437465029353941E-4"
"thriller"	"8.437465029353941E-4"
"transit"	"8.437465029353941E-4"
"mans"	"8.437465029353941E-4"
"bor"	"8.437465029353941E-4"
"graphem"	"8.437465029353941E-4"
"time  2012-09-15"	"8.437465029353941E-4"
"0-2"	"8.437465029353941E-4"
"tissu"	"8.437465029353941E-4"
"rohingy"	"8.437465029353941E-4"
"christian"	"8.437465029353941E-4"
"allah"	"8.437465029353941E-4"
"commune_of_chil"	"8.437465029353941E-4"
"computer_anim"	"8.437465029353941E-4"
"zealand"	"8.437465029353941E-4"
"afghan"	"8.437465029353941E-4"
"confection"	"8.437465029353941E-4"
"executive_departm"	"8.437465029353941E-4"
"fairy_chess_piec"	"8.437465029353941E-4"
"clash"	"8.437465029353941E-4"
"mon"	"8.437465029353941E-4"
"31"	"8.437465029353941E-4"
"amus"	"8.437465029353941E-4"
"#5ma"	"8.437465029353941E-4"
"archbishop"	"8.437465029353941E-4"
"#afghanistan"	"8.437465029353941E-4"
"wes"	"8.437465029353941E-4"
"fasc"	"8.437465029353941E-4"
"#de"	"8.437465029353941E-4"
"#earthquake#"	"8.437465029353941E-4"
"shootout"	"8.437465029353941E-4"
"eastern_standard_tim"	"8.437465029353941E-4"
"origin"	"8.437465029353941E-4"
"profan"	"8.437465029353941E-4"
"@basherkella:"	"8.437465029353941E-4"
"instruc"	"8.437465029353941E-4"
"insan"	"8.437465029353941E-4"
"#lol"	"8.437465029353941E-4"
"information_system"	"8.437465029353941E-4"
"#hmrd"	"8.437465029353941E-4"
"propagand"	"8.437465029353941E-4"
"north_americ"	"8.437465029353941E-4"
"#rohingy"	"8.437465029353941E-4"
"abduc"	"8.437465029353941E-4"
"islands:"	"8.437465029353941E-4"
"co/1es1yosk"	"8.437465029353941E-4"
"jamaat"	"8.437465029353941E-4"
"psychological_manipl"	"8.437465029353941E-4"
"@noishobdo:"	"8.437465029353941E-4"
"province_of_the_netherland"	"8.437465029353941E-4"
"hawk"	"8.437465029353941E-4"
"zeeland"	"8.437465029353941E-4"
"vict"	"8.437465029353941E-4"
"#…"	"8.437465029353941E-4"
"avec"	"8.437465029353941E-4"
"meg"	"8.437465029353941E-4"
"mejor"	"8.437465029353941E-4"
"smartphon"	"8.437465029353941E-4"
"typhoon_haiyan"	"8.436457184077817E-4"
"major"	"8.436457184077817E-4"
"empt"	"8.436457184077817E-4"
"@mmd"	"8.433360294807235E-4"
"whe"	"8.433360294807235E-4"
"ust"	"8.433360294807235E-4"
"official:"	"8.433360294807235E-4"
"walmart"	"8.433360294807235E-4"
"justin_bieber"	"8.433360294807235E-4"
"@nbcnews:"	"8.433360294807235E-4"
"bieber"	"8.433360294807235E-4"
"wildfire:"	"8.433360294807235E-4"
"hwy"	"8.433360294807235E-4"
"pik"	"8.433360294807235E-4"
"registrad"	"8.433360294807235E-4"
"gland"	"8.433360294807235E-4"
"bagyong"	"8.433360294807235E-4"
"nin"	"8.433360294807235E-4"
"descart"	"8.433360294807235E-4"
"justin_"	"8.433360294807235E-4"
"anomalous_communic"	"8.433360294807235E-4"
"marikin"	"8.433360294807235E-4"
"_new"	"8.433360294807235E-4"
"visay"	"8.433360294807235E-4"
"go_about"	"8.433360294807235E-4"
"containm"	"8.433360294807235E-4"
"dead:"	"8.433360294807235E-4"
"deadmau5"	"8.433360294807235E-4"
"chronolog"	"8.433360294807235E-4"
"transport_network"	"8.433360294807235E-4"
"monit"	"8.433360294807235E-4"
"solidaridad"	"8.433360294807235E-4"
"replic"	"8.433360294807235E-4"
"@basedbieberlif"	"8.433360294807235E-4"
"familiar_spirit"	"8.433360294807235E-4"
"department_of_local_governm"	"8.433360294807235E-4"
"air_force_academ"	"8.433360294807235E-4"
"ocurrid"	"8.433360294807235E-4"
"private_hospit"	"8.433360294807235E-4"
"cianc"	"8.433360294807235E-4"
"caribbean-w"	"8.433360294807235E-4"
"amphibian_genus"	"8.433360294807235E-4"
"runescap"	"8.433360294807235E-4"
"paranorm"	"8.433360294807235E-4"
"acknowledg"	"8.433360294807235E-4"
"television_new"	"8.433360294807235E-4"
"climatic_zon"	"8.433360294807235E-4"
"pacific_coast"	"8.433360294807235E-4"
"horrif"	"8.433360294807235E-4"
"unbelief"	"8.433360294807235E-4"
"miniser"	"8.433360294807235E-4"
"panamá"	"8.433360294807235E-4"
"university_of_santo_tomas_hospit"	"8.433360294807235E-4"
"nep"	"8.433360294807235E-4"
"integumentary_system"	"8.433360294807235E-4"
"mise_à_jour"	"8.433360294807235E-4"
"fellow"	"8.433360294807235E-4"
"hojancha_"	"8.433360294807235E-4"
"civil_defens"	"8.433360294807235E-4"
"@612brisbane:"	"8.433360294807235E-4"
"hotl"	"8.433360294807235E-4"
"accident"	"8.433360294807235E-4"
"massively_multiplayer_online_role-playing_gam"	"8.433360294807235E-4"
"unit_of_are"	"8.433360294807235E-4"
"public_transit"	"8.433360294807235E-4"
"flush"	"8.433360294807235E-4"
"rescue_"	"8.433360294807235E-4"
"hojanch"	"8.433360294807235E-4"
"médias_en_belgiqu"	"8.433360294807235E-4"
"#bigwes"	"8.374783781547324E-4"
"ind"	"8.363006059678435E-4"
"sel"	"8.363006059678435E-4"
"va"	"8.363006059678435E-4"
"13"	"8.363006059678435E-4"
"reform"	"8.363006059678435E-4"
"@abcnew"	"8.355607545715849E-4"
"escal"	"8.355607545715849E-4"
"_queensland"	"8.355607545715849E-4"
"sc"	"8.355607545715849E-4"
"@ancalerts:"	"8.355607545715849E-4"
"depres"	"8.355607545715849E-4"
"reportan"	"8.355607545715849E-4"
"weltraumorgan"	"8.355607545715849E-4"
"valu"	"8.340049085865386E-4"
"softwar"	"8.309156132184636E-4"
"ethnic_group"	"8.309156132184636E-4"
"pa"	"8.309156132184636E-4"
"prepar"	"8.297614164587408E-4"
"govt"	"8.278847752232199E-4"
"wrong"	"8.278847752232199E-4"
"méxic"	"8.269795943339764E-4"
"state_highwa"	"8.224623288292099E-4"
"16"	"8.219926563347579E-4"
"sic"	"8.219926563347579E-4"
"#cluth"	"8.216647323423532E-4"
"bangladesh:"	"8.211701821428941E-4"
"bon"	"8.211701821428941E-4"
"surnam"	"8.120474619126572E-4"
"hav"	"8.089434770037762E-4"
"seismic_scal"	"8.060895639551147E-4"
"danc"	"8.052256752530962E-4"
"accis"	"8.038955093114808E-4"
"child"	"7.998210921539295E-4"
"health_facil"	"7.967553573698938E-4"
"business_execut"	"7.661405504082452E-4"
"group_dynam"	"7.550748750670966E-4"
"olympic_sport"	"7.550748750670966E-4"
"s_degre"	"7.550748750670966E-4"
"#elsalvador"	"7.550748750670966E-4"
"misdemeanor"	"7.550748750670966E-4"
"drought"	"7.550748750670966E-4"
"vamo"	"7.550748750670966E-4"
"#believeacoust"	"7.550748750670966E-4"
"pen"	"7.550748750670966E-4"
"fact_shees"	"7.550748750670966E-4"
"vin"	"7.550748750670966E-4"
"type_of_sport"	"7.550748750670966E-4"
"social_rel"	"7.550748750670966E-4"
"gain"	"7.550748750670966E-4"
"brother"	"7.550748750670966E-4"
"dar"	"7.550748750670966E-4"
"basebal"	"7.550748750670966E-4"
"achromatic_color"	"7.550748750670966E-4"
"adversarial_proces"	"7.550748750670966E-4"
"individual_sport"	"7.550748750670966E-4"
"freedom"	"7.550748750670966E-4"
"general_officer"	"7.550748750670966E-4"
"amorphous_solis"	"7.544998239468192E-4"
"48"	"7.544998239468192E-4"
"catastroph"	"7.544998239468192E-4"
"brook"	"7.544998239468192E-4"
"cebu"	"7.544998239468192E-4"
"building_complec"	"7.544998239468192E-4"
"wash"	"7.544998239468192E-4"
"700"	"7.544998239468192E-4"
"setup"	"7.544998239468192E-4"
"lithgow"	"7.544998239468192E-4"
"tremor"	"7.544998239468192E-4"
"more:"	"7.544998239468192E-4"
"sintió"	"7.544998239468192E-4"
"mo"	"7.097421643841306E-4"
"contest"	"7.097421643841306E-4"
"wtf"	"7.097421643841306E-4"
"photographic_equipm"	"7.090846299108167E-4"
"register"	"7.090846299108167E-4"
"aftermath"	"7.090846299108167E-4"
"cop"	"7.090846299108167E-4"
"conf"	"7.090846299108167E-4"
"recover"	"7.090846299108167E-4"
"tx"	"7.090846299108167E-4"
"western_malayo-polynes"	"7.090846299108167E-4"
"@bbcbreaking:"	"7.090846299108167E-4"
"german"	"7.090846299108167E-4"
"flash"	"7.090846299108167E-4"
"bulletin"	"7.090846299108167E-4"
"carry_through"	"7.090846299108167E-4"
"05"	"6.749150245320967E-4"
"annivers"	"6.749150245320967E-4"
"#ita"	"6.749150245320967E-4"
"feast_da"	"6.749150245320967E-4"
"packing_cas"	"6.749150245320967E-4"
"thx"	"6.749150245320967E-4"
"#palest"	"6.749150245320967E-4"
"tirote"	"6.749150245320967E-4"
"#japan"	"6.749150245320967E-4"
"antarct"	"6.749150245320967E-4"
"silver"	"6.749150245320967E-4"
"police_quarter"	"6.749150245320967E-4"
"deposit"	"6.749150245320967E-4"
"#paragua"	"6.749150245320967E-4"
"#addseguidor"	"6.749150245320967E-4"
"tickes"	"6.749150245320967E-4"
"parad"	"6.749150245320967E-4"
"time  2012-09-16"	"6.749150245320967E-4"
"#vprsd"	"6.749150245320967E-4"
"shame_"	"6.749150245320967E-4"
"#warcrim"	"6.749150245320967E-4"
"disorder"	"6.749150245320967E-4"
"#vac"	"6.749150245320967E-4"
"tiemp"	"6.749150245320967E-4"
"go_back"	"6.749150245320967E-4"
"boost"	"6.749150245320967E-4"
"firework"	"6.749150245320967E-4"
"state_university_system"	"6.749150245320967E-4"
"partner_"	"6.749150245320967E-4"
"#luhc2k13"	"6.749150245320967E-4"
"discard"	"6.749150245320967E-4"
"dud"	"6.749150245320967E-4"
"theor"	"6.749150245320967E-4"
"dick"	"6.749150245320967E-4"
"seguidor"	"6.749150245320967E-4"
"south_afric"	"6.749150245320967E-4"
"pit"	"6.749150245320967E-4"
"september_10"	"6.749150245320967E-4"
"physiolog"	"6.749150245320967E-4"
"september_14"	"6.749150245320967E-4"
"digital_camer"	"6.749150245320967E-4"
"september_8"	"6.749150245320967E-4"
"bangladesh_jamaat-e-islam"	"6.749150245320967E-4"
"september_6"	"6.749150245320967E-4"
"postal_station"	"6.749150245320967E-4"
"the_afghan"	"6.749150245320967E-4"
"balkan_countr"	"6.749150245320967E-4"
"_californ"	"6.749150245320967E-4"
"#cardinalstock"	"6.749150245320967E-4"
"akan"	"6.749150245320967E-4"
"cres"	"6.749150245320967E-4"
"#flower"	"6.749150245320967E-4"
"roof_shingl"	"6.749150245320967E-4"
"techn"	"6.749150245320967E-4"
"#remember911"	"6.749150245320967E-4"
"cyril"	"6.749150245320967E-4"
"#canad"	"6.749150245320967E-4"
"#freeship"	"6.749150245320967E-4"
"#eqjp"	"6.749150245320967E-4"
"credit"	"6.749150245320967E-4"
"pseuderanthemum_variabil"	"6.749150245320967E-4"
"nnw"	"6.749150245320967E-4"
"erectile_organ"	"6.749150245320967E-4"
"#djokov"	"6.749150245320967E-4"
"get_rid_of"	"6.749150245320967E-4"
"tast"	"6.749150245320967E-4"
"#concacaf"	"6.749150245320967E-4"
"ahahah"	"6.749150245320967E-4"
"magnitude  ml"	"6.749150245320967E-4"
"#clim"	"6.749150245320967E-4"
"tay"	"6.749150245320967E-4"
"football_player"	"6.749150245320967E-4"
"#cagliar"	"6.749150245320967E-4"
"#redbird"	"6.749150245320967E-4"
"postcard"	"6.749150245320967E-4"
"garrison"	"6.749150245320967E-4"
"preview"	"6.749150245320967E-4"
"amerind"	"6.749150245320967E-4"
"opening:"	"6.749150245320967E-4"
"elbow_room"	"6.749150245320967E-4"
"#postcard"	"6.749150245320967E-4"
"@opbangladesh:"	"6.749150245320967E-4"
"decir"	"6.749150245320967E-4"
"delict"	"6.749150245320967E-4"
"#photograph"	"6.749150245320967E-4"
"salut"	"6.749150245320967E-4"
"thailand"	"6.749150245320967E-4"
"omfg"	"6.749150245320967E-4"
"#gift"	"6.749150245320967E-4"
"#putinsfavoriteflick"	"6.749150245320967E-4"
"#summer"	"6.749150245320967E-4"
"prophes"	"6.749150245320967E-4"
"sweetener"	"6.749150245320967E-4"
"07"	"6.749150245320967E-4"
"rumor"	"6.749150245320967E-4"
"s=&gt"	"6.749150245320967E-4"
"military_quarter"	"6.749150245320967E-4"
"@wnicholasgomes:"	"6.749150245320967E-4"
"#sunses"	"6.749150245320967E-4"
"prof=8"	"6.749150245320967E-4"
"stamp"	"6.749150245320967E-4"
"rea"	"6.749150245320967E-4"
"ll_parser"	"6.749150245320967E-4"
"classical_mus"	"6.749150245320967E-4"
"breath"	"6.749150245320967E-4"
"uk_newspaper"	"6.749150245320967E-4"
"chittagong"	"6.749150245320967E-4"
"literary_techniqu"	"6.749150245320967E-4"
"classical_condit"	"6.749150245320967E-4"
"iphon"	"6.749150245320967E-4"
"holy_day_of_oblig"	"6.749150245320967E-4"
"lock"	"6.749150245320967E-4"
"tortur"	"6.749150245320967E-4"
"cand"	"6.749150245320967E-4"
"west_"	"6.749150245320967E-4"
"web"	"6.749150245320967E-4"
"business_rank"	"6.749150245320967E-4"
"kepulauan"	"6.749150245320967E-4"
"co/2rjirrnlo"	"6.749150245320967E-4"
"cantonm"	"6.749150245320967E-4"
"invest"	"6.749150245320967E-4"
"lebih"	"6.749150245320967E-4"
"lma"	"6.749150245320967E-4"
"lahat"	"6.749150245320967E-4"
"indonesiad"	"6.749150245320967E-4"
"jav"	"6.749150245320967E-4"
"winter"	"6.749150245320967E-4"
"himn"	"6.749150245320967E-4"
"ángel"	"6.749150245320967E-4"
"british_overseas_territor"	"6.749150245320967E-4"
"hik"	"6.749150245320967E-4"
"@feb28info:"	"6.749150245320967E-4"
"israel"	"6.749150245320967E-4"
"indonesia:"	"6.749150245320967E-4"
"cabez"	"6.749150245320967E-4"
"bangl"	"6.745867012007967E-4"
"73"	"6.745867012007967E-4"
"banglad"	"6.745867012007967E-4"
"protezion"	"6.745867012007967E-4"
"da14"	"6.745867012007967E-4"
"injured:"	"6.745867012007967E-4"
"@nas"	"6.745867012007967E-4"
"heartbeat"	"6.745867012007967E-4"
"airlift"	"6.745867012007967E-4"
"outl"	"6.745867012007967E-4"
"cnn:"	"6.745867012007967E-4"
"rur"	"6.745867012007967E-4"
"gradi"	"6.745867012007967E-4"
"@qpsmed"	"6.745867012007967E-4"
"side_project"	"6.745867012007967E-4"
"northern_colorad"	"6.745867012007967E-4"
"reshm"	"6.745867012007967E-4"
"heartbreak"	"6.745867012007967E-4"
"religious_text"	"6.745867012007967E-4"
"today:"	"6.745867012007967E-4"
"nondepository_financial_institut"	"6.745867012007967E-4"
"temperam"	"6.745867012007967E-4"
"draw_back"	"6.745867012007967E-4"
"vítim"	"6.745867012007967E-4"
"tv_miniser"	"6.745867012007967E-4"
"harvest"	"6.745867012007967E-4"
"drinking_water"	"6.745867012007967E-4"
"@huffingtonpost:"	"6.745867012007967E-4"
"take_out"	"6.745867012007967E-4"
"pilgrimage_sit"	"6.745867012007967E-4"
"chiap"	"6.745867012007967E-4"
"ghost"	"6.745867012007967E-4"
"ancor"	"6.745867012007967E-4"
"geológic"	"6.745867012007967E-4"
"laggard"	"6.745867012007967E-4"
"ger"	"6.745867012007967E-4"
"pictures:"	"6.745867012007967E-4"
"concres"	"6.745867012007967E-4"
"freshwater_f"	"6.745867012007967E-4"
"troubadour"	"6.745867012007967E-4"
"uerm"	"6.745867012007967E-4"
"patient"	"6.745867012007967E-4"
"$10"	"6.745867012007967E-4"
"santiago_de_compostel"	"6.745867012007967E-4"
"150"	"6.745867012007967E-4"
"bisay"	"6.745867012007967E-4"
"127"	"6.745867012007967E-4"
"merg"	"6.745867012007967E-4"
"go_down"	"6.745867012007967E-4"
"shook"	"6.745867012007967E-4"
"flood_alers"	"6.745867012007967E-4"
"#weatheralers"	"6.745867012007967E-4"
"#cost"	"6.745867012007967E-4"
"@biobio:"	"6.745867012007967E-4"
"create_from_raw_mater"	"6.745867012007967E-4"
"associated_pres"	"6.745867012007967E-4"
"investment_compan"	"6.745867012007967E-4"
"straggler"	"6.745867012007967E-4"
"guanacaste_provinc"	"6.745867012007967E-4"
"weekend_"	"6.745867012007967E-4"
"@yahoonew"	"6.745867012007967E-4"
"let_g"	"6.745867012007967E-4"
"rod"	"6.745867012007967E-4"
"#typhoonhaiyan"	"6.745867012007967E-4"
"meanwhil"	"6.745867012007967E-4"
"catch_fir"	"6.745867012007967E-4"
"cooler"	"6.745867012007967E-4"
"pair"	"6.745867012007967E-4"
"pop_rock"	"6.745867012007967E-4"
"american_broadcasting_compan"	"6.745867012007967E-4"
"rf"	"6.745867012007967E-4"
"federal_emergency_management_ag"	"6.745867012007967E-4"
"9-magnitud"	"6.745867012007967E-4"
"sunsh"	"6.745867012007967E-4"
"@time:"	"6.745867012007967E-4"
"one_way_"	"6.745867012007967E-4"
"sw"	"6.745867012007967E-4"
"strongest"	"6.745867012007967E-4"
"aquí"	"6.745867012007967E-4"
"agit"	"6.745867012007967E-4"
"declaró"	"6.745867012007967E-4"
"raccolt"	"6.745867012007967E-4"
"intercardinal_direct"	"6.745867012007967E-4"
"@cnn:"	"6.745867012007967E-4"
"result"	"6.745867012007967E-4"
"explosión_en_la_refinería_de_amua"	"6.745867012007967E-4"
"urgente:"	"6.745867012007967E-4"
"civil_par"	"6.745867012007967E-4"
"missing_person"	"6.745867012007967E-4"
"em_quas"	"6.745867012007967E-4"
"apparel_industr"	"6.745867012007967E-4"
"altr"	"6.745867012007967E-4"
"tripl"	"6.745867012007967E-4"
"huffington_post"	"6.745867012007967E-4"
"fotos:"	"6.745867012007967E-4"
"directive_"	"6.745867012007967E-4"
"terrif"	"6.745867012007967E-4"
"police:"	"6.745867012007967E-4"
"state_of_brazil"	"6.745867012007967E-4"
"@abc"	"6.745867012007967E-4"
"timel"	"6.745867012007967E-4"
"#brasil"	"6.745867012007967E-4"
"bangladesh’"	"6.745867012007967E-4"
"#tornad"	"6.745867012007967E-4"
"magadhan"	"6.745867012007967E-4"
"deliber"	"6.745867012007967E-4"
"police_scotland"	"6.745867012007967E-4"
"evergreen"	"5.061246558361043E-4"
"stal"	"5.061246558361043E-4"
"nb"	"5.061246558361043E-4"
"airport_termin"	"5.061246558361043E-4"
"震度1"	"5.061246558361043E-4"
"compli"	"5.061246558361043E-4"
"yem"	"5.061246558361043E-4"
"aint"	"5.061246558361043E-4"
"#somal"	"5.061246558361043E-4"
"cigares"	"5.061246558361043E-4"
"#cdnpol"	"5.061246558361043E-4"
"sse_plc"	"5.061246558361043E-4"
"yg"	"5.061246558361043E-4"
"circumst"	"5.061246558361043E-4"
"musical_perform"	"5.061246558361043E-4"
"fuckin"	"5.061246558361043E-4"
"repost"	"5.061246558361043E-4"
"clasp"	"5.061246558361043E-4"
"#serviziopubblic"	"5.061246558361043E-4"
"fábric"	"5.061246558361043E-4"
"religious_song"	"5.061246558361043E-4"
"esclav"	"5.061246558361043E-4"
"#shaplachattar"	"5.061246558361043E-4"
"admirer"	"5.061246558361043E-4"
"stol"	"5.061246558361043E-4"
"administrative_region_of_greec"	"5.061246558361043E-4"
"mariana_island"	"5.061246558361043E-4"
"marian"	"5.061246558361043E-4"
"barbecu"	"5.061246558361043E-4"
"¿qué"	"5.061246558361043E-4"
"basketball_team"	"5.061246558361043E-4"
"reap"	"5.061246558361043E-4"
"basketbal"	"5.061246558361043E-4"
"unfollow"	"5.061246558361043E-4"
"regions"	"5.061246558361043E-4"
"nlc"	"5.061246558361043E-4"
"für"	"5.061246558361043E-4"
"studi"	"5.061246558361043E-4"
"#shibir"	"5.061246558361043E-4"
"leather"	"5.061246558361043E-4"
"jst"	"5.061246558361043E-4"
"martyr"	"5.061246558361043E-4"
"joy"	"5.061246558361043E-4"
"universidad"	"5.061246558361043E-4"
"affection"	"5.061246558361043E-4"
"estonian_monetary_unit"	"5.061246558361043E-4"
"african"	"5.061246558361043E-4"
"jp】"	"5.061246558361043E-4"
"computer_memory_unit"	"5.061246558361043E-4"
"concacaf"	"5.061246558361043E-4"
"homophob"	"5.061246558361043E-4"
"respiratory_diseas"	"5.061246558361043E-4"
"confirmó"	"5.061246558361043E-4"
"full-tim"	"5.061246558361043E-4"
"national_symbol"	"5.061246558361043E-4"
"consecutiv"	"5.061246558361043E-4"
"stev"	"5.061246558361043E-4"
"conquer"	"5.061246558361043E-4"
"ador"	"5.061246558361043E-4"
"hone"	"5.061246558361043E-4"
"newsstand"	"5.061246558361043E-4"
"adventure_fict"	"5.061246558361043E-4"
"2014"	"5.061246558361043E-4"
"consecut"	"5.061246558361043E-4"
"#s…"	"5.061246558361043E-4"
"springs:"	"5.061246558361043E-4"
"september_15"	"5.061246558361043E-4"
"#yem"	"5.061246558361043E-4"
"aut"	"5.061246558361043E-4"
"#stl"	"5.061246558361043E-4"
"waterproof"	"5.061246558361043E-4"
"september_17"	"5.061246558361043E-4"
"september_4"	"5.061246558361043E-4"
"arch"	"5.061246558361043E-4"
"servicem"	"5.061246558361043E-4"
"film_producer"	"5.061246558361043E-4"
"metric_weight_unit"	"5.061246558361043E-4"
"#un"	"5.061246558361043E-4"
"velocirapt"	"5.061246558361043E-4"
"#aljazeer"	"5.061246558361043E-4"
"✔#bestrapper"	"5.061246558361043E-4"
"fort_collin"	"5.061246558361043E-4"
"heris"	"5.061246558361043E-4"
"solid_body_subst"	"5.061246558361043E-4"
"mujer"	"5.061246558361043E-4"
"champ"	"5.061246558361043E-4"
"aversiv"	"5.061246558361043E-4"
"autr"	"5.061246558361043E-4"
"mentawa"	"5.061246558361043E-4"
"segu"	"5.061246558361043E-4"
"motherfucker"	"5.061246558361043E-4"
"vec"	"5.061246558361043E-4"
"sexual_ori"	"5.061246558361043E-4"
"27km"	"5.061246558361043E-4"
"audit"	"5.061246558361043E-4"
"aspect"	"5.061246558361043E-4"
"#war"	"5.061246558361043E-4"
"vocal_mus"	"5.061246558361043E-4"
"voir"	"5.061246558361043E-4"
"sidorukun"	"5.061246558361043E-4"
"flaw"	"5.061246558361043E-4"
"volt"	"5.061246558361043E-4"
"military_intellig"	"5.061246558361043E-4"
"visit=&gt"	"5.061246558361043E-4"
"asshol"	"5.061246558361043E-4"
"significant_other"	"5.061246558361043E-4"
"hawaii:"	"5.061246558361043E-4"
"midland"	"5.061246558361043E-4"
"aristocr"	"5.061246558361043E-4"
"ski_resort"	"5.061246558361043E-4"
"attorne"	"5.061246558361043E-4"
"#vancouver"	"5.061246558361043E-4"
"arithmetic_mean"	"5.061246558361043E-4"
"army_unit"	"5.061246558361043E-4"
"vulgar"	"5.061246558361043E-4"
"von"	"5.061246558361043E-4"
"ml"	"5.061246558361043E-4"
"art_form"	"5.061246558361043E-4"
"sheriff"	"5.061246558361043E-4"
"atl"	"5.061246558361043E-4"
"hairstyl"	"5.061246558361043E-4"
"anthropolog"	"5.061246558361043E-4"
"school_holida"	"5.061246558361043E-4"
"rushdie_novel"	"5.061246558361043E-4"
"measure_up"	"5.061246558361043E-4"
"meal"	"5.061246558361043E-4"
"aleutian_island"	"5.061246558361043E-4"
"chinese_surnam"	"5.061246558361043E-4"
"china:"	"5.061246558361043E-4"
"national_anthem"	"5.061246558361043E-4"
"cobertur"	"5.061246558361043E-4"
"kanye_west"	"5.061246558361043E-4"
"kany"	"5.061246558361043E-4"
"speaker"	"5.061246558361043E-4"
"aleut"	"5.061246558361043E-4"
"rons"	"5.061246558361043E-4"
"cousin"	"5.061246558361043E-4"
"aku"	"5.061246558361043E-4"
"mayda"	"5.061246558361043E-4"
"#career"	"5.061246558361043E-4"
"yard"	"5.061246558361043E-4"
"law_"	"5.061246558361043E-4"
"sports_club"	"5.061246558361043E-4"
"宮城県沖"	"5.061246558361043E-4"
"ya_"	"5.061246558361043E-4"
"baj"	"5.061246558361043E-4"
"come_back"	"5.061246558361043E-4"
"come_down"	"5.061246558361043E-4"
"#bnp"	"5.061246558361043E-4"
"amnest"	"5.061246558361043E-4"
"anthem"	"5.061246558361043E-4"
"change_of_st"	"5.061246558361043E-4"
"soo"	"5.061246558361043E-4"
"soooo"	"5.061246558361043E-4"
"#tomqand"	"5.061246558361043E-4"
"ayaw"	"5.061246558361043E-4"
"axis_of_rot"	"5.061246558361043E-4"
"favourit"	"5.061246558361043E-4"
"4th"	"5.061246558361043E-4"
"somal"	"5.061246558361043E-4"
"4km"	"5.061246558361043E-4"
"change_of_cour"	"5.061246558361043E-4"
"#atl"	"5.061246558361043E-4"
"fav"	"5.061246558361043E-4"
"sp"	"5.061246558361043E-4"
"south_americ"	"5.061246558361043E-4"
"analges"	"5.061246558361043E-4"
"#beaut"	"5.061246558361043E-4"
"h/t"	"5.061246558361043E-4"
"las"	"5.061246558361043E-4"
"chat"	"5.061246558361043E-4"
"soundtrack"	"5.061246558361043E-4"
"white_hous"	"5.061246558361043E-4"
"western_hemispher"	"5.061246558361043E-4"
"5-mag"	"5.061246558361043E-4"
"#thomas_hiat"	"5.061246558361043E-4"
"sim"	"5.061246558361043E-4"
"co-"	"5.061246558361043E-4"
"hasina_"	"5.061246558361043E-4"
"#mahas"	"5.061246558361043E-4"
"lil_wayn"	"5.061246558361043E-4"
"#pitmad"	"5.061246558361043E-4"
"parec"	"5.061246558361043E-4"
"eff"	"5.061246558361043E-4"
"demon"	"5.061246558361043E-4"
"ein"	"5.061246558361043E-4"
"orchard"	"5.061246558361043E-4"
"ord"	"5.061246558361043E-4"
"machine_el"	"5.061246558361043E-4"
"#m"	"5.061246558361043E-4"
"tan"	"5.061246558361043E-4"
"biogeographical_reg"	"5.061246558361043E-4"
"#instagood"	"5.061246558361043E-4"
"economic_order"	"5.061246558361043E-4"
"pom"	"5.061246558361043E-4"
"14/09/12"	"5.061246558361043E-4"
"infectious_diseas"	"5.061246558361043E-4"
"glenwood"	"5.061246558361043E-4"
"pericop"	"5.061246558361043E-4"
"pork"	"5.061246558361043E-4"
"defense_intelligence_ag"	"5.061246558361043E-4"
"#polit"	"5.061246558361043E-4"
"#santamaria:"	"5.061246558361043E-4"
"oncle_et_tant"	"5.061246558361043E-4"
"beverly_hil"	"5.061246558361043E-4"
"date:"	"5.061246558361043E-4"
"procedure_word"	"5.061246558361043E-4"
"#propers"	"5.061246558361043E-4"
"electro-acoustic_transducer"	"5.061246558361043E-4"
"professionalism_in_association_footbal"	"5.061246558361043E-4"
"#may"	"5.061246558361043E-4"
"tabl"	"5.061246558361043E-4"
"#hap"	"5.061246558361043E-4"
"magnitude  m"	"5.061246558361043E-4"
"#hik"	"5.061246558361043E-4"
"#hefazat"	"5.061246558361043E-4"
"lmfa"	"5.061246558361043E-4"
"operating_system"	"5.061246558361043E-4"
"bicycl"	"5.061246558361043E-4"
"#prayforgaz"	"5.061246558361043E-4"
"oooh"	"5.061246558361043E-4"
"talag"	"5.061246558361043E-4"
"loan"	"5.061246558361043E-4"
"bolaño"	"5.061246558361043E-4"
"international_law"	"5.061246558361043E-4"
"depth："	"5.061246558361043E-4"
"1-0"	"5.061246558361043E-4"
"terrorist"	"5.061246558361043E-4"
"director_"	"5.061246558361043E-4"
"#nyc"	"5.061246558361043E-4"
"dig"	"5.061246558361043E-4"
"paid"	"5.061246558361043E-4"
"phob"	"5.061246558361043E-4"
"#kashmir"	"5.061246558361043E-4"
"transducer"	"5.061246558361043E-4"
"blackbal"	"5.061246558361043E-4"
"girlfriens"	"5.061246558361043E-4"
"test_autom"	"5.061246558361043E-4"
"teng"	"5.061246558361043E-4"
"petroleum_produc"	"5.061246558361043E-4"
"petróleo"	"5.061246558361043E-4"
"giveawa"	"5.061246558361043E-4"
"#lif"	"5.061246558361043E-4"
"blessé"	"5.061246558361043E-4"
"panahon"	"5.061246558361043E-4"
"@asot600ca:"	"5.061246558361043E-4"
"palm"	"5.061246558361043E-4"
"pharmaceut"	"5.061246558361043E-4"
"pizz"	"5.061246558361043E-4"
"plain"	"5.061246558361043E-4"
"political_mov"	"5.061246558361043E-4"
"disfrut"	"5.061246558361043E-4"
"#newyork"	"5.061246558361043E-4"
"polar_reg"	"5.061246558361043E-4"
"m4"	"5.061246558361043E-4"
"bnp"	"5.061246558361043E-4"
"brit"	"5.061246558361043E-4"
"#paradis"	"5.061246558361043E-4"
"east_southeast"	"5.061246558361043E-4"
"@bbcworld"	"5.061246558361043E-4"
"tricycl"	"5.061246558361043E-4"
"despu"	"5.061246558361043E-4"
"#opbangladesh"	"5.061246558361043E-4"
"intellect"	"5.061246558361043E-4"
"tempor"	"5.061246558361043E-4"
"tem"	"5.061246558361043E-4"
"#longmont"	"5.061246558361043E-4"
"intellig"	"5.061246558361043E-4"
"@real_liam_payn"	"5.061246558361043E-4"
"discernm"	"5.061246558361043E-4"
"disagreeable_person"	"5.061246558361043E-4"
"government_build"	"5.061246558361043E-4"
"福島県沖で地震　最大震度"	"5.061246558361043E-4"
"debt"	"5.061246558361043E-4"
"dark_"	"5.061246558361043E-4"
"2012/09/14"	"5.061246558361043E-4"
"#milit"	"5.061246558361043E-4"
"legal_profes"	"5.061246558361043E-4"
"querí"	"5.061246558361043E-4"
"jeal"	"5.061246558361043E-4"
"#rmg"	"5.061246558361043E-4"
"ht…"	"5.061246558361043E-4"
"supercontin"	"5.061246558361043E-4"
"boston_red_sox"	"5.061246558361043E-4"
"#falcón"	"5.061246558361043E-4"
"book_ser"	"5.061246558361043E-4"
"gasol"	"5.061246558361043E-4"
"be_on"	"5.061246558361043E-4"
"thril"	"5.061246558361043E-4"
"cun"	"5.061246558361043E-4"
"tien"	"5.061246558361043E-4"
"[震源地]"	"5.061246558361043E-4"
"#follow"	"5.061246558361043E-4"
"_cebu"	"5.061246558361043E-4"
"dl"	"5.061246558361043E-4"
"#flight"	"5.061246558361043E-4"
"gminy_portugali"	"5.061246558361043E-4"
"humid"	"5.061246558361043E-4"
"cross-polytop"	"5.061246558361043E-4"
"#everylittlestep"	"5.061246558361043E-4"
"male_aristocrat"	"5.061246558361043E-4"
"ganhar"	"5.061246558361043E-4"
"gan"	"5.061246558361043E-4"
"#sal"	"5.061246558361043E-4"
"ganh"	"5.061246558361043E-4"
"entertainer"	"5.061246558361043E-4"
"天気:"	"5.061246558361043E-4"
"und"	"5.061246558361043E-4"
"ratusan"	"5.061246558361043E-4"
"game_show"	"5.061246558361043E-4"
"dom"	"5.061246558361043E-4"
"bayan"	"5.061246558361043E-4"
"#model"	"5.061246558361043E-4"
"crimes_against_human"	"5.061246558361043E-4"
"go_card"	"5.061246558361043E-4"
"gar"	"5.061246558361043E-4"
"london"	"5.061246558361043E-4"
"ennobl"	"5.061246558361043E-4"
"grup"	"5.061246558361043E-4"
"co/nl5fnhnof"	"5.061246558361043E-4"
"ral"	"5.061246558361043E-4"
"#mountain"	"5.061246558361043E-4"
"range_"	"5.061246558361043E-4"
"goat_antelop"	"5.061246558361043E-4"
"cush"	"5.061246558361043E-4"
"@sabrina_s71:"	"5.061246558361043E-4"
"give_awa"	"5.061246558361043E-4"
"@gameofthron"	"5.061246558361043E-4"
"synonym"	"5.061246558361043E-4"
"gol"	"5.061246558361043E-4"
"#redey"	"5.061246558361043E-4"
"#mayda"	"5.061246558361043E-4"
"tooth"	"5.061246558361043E-4"
"[fantaken]"	"5.061246558361043E-4"
"hut"	"5.061246558361043E-4"
"empres"	"5.061246558361043E-4"
"@npdice:"	"5.061246558361043E-4"
"th…"	"5.061246558361043E-4"
"ist"	"5.061246558361043E-4"
"#genoc"	"5.061246558361043E-4"
"bomb_threat"	"5.061246558361043E-4"
"emoticon"	"5.061246558361043E-4"
"#gocard"	"5.061246558361043E-4"
"к"	"5.061246558361043E-4"
"[preview]"	"5.061246558361043E-4"
"#may5"	"5.061246558361043E-4"
"cut_of_pork"	"5.061246558361043E-4"
"proper_noun"	"5.061246558361043E-4"
"drake_"	"5.061246558361043E-4"
"genit"	"5.061246558361043E-4"
"[最大震度]"	"5.061246558361043E-4"
"island_group"	"5.061246558361043E-4"
"cycl"	"5.061246558361043E-4"
"proposed_province_of_indones"	"5.061246558361043E-4"
"cyclone_mahas"	"5.061246558361043E-4"
"dispersi:"	"5.058784548929163E-4"
"hero"	"5.058784548929163E-4"
"#b…"	"5.058784548929163E-4"
"blackout"	"5.058784548929163E-4"
"clean-up"	"5.058784548929163E-4"
"action_gam"	"5.058784548929163E-4"
"ndrrmc:"	"5.058784548929163E-4"
"shooting:"	"5.058784548929163E-4"
"burn_down"	"5.058784548929163E-4"
"pánic"	"5.058784548929163E-4"
"student"	"5.058784548929163E-4"
"strike:"	"5.058784548929163E-4"
"sicyo"	"5.058784548929163E-4"
"admon"	"5.058784548929163E-4"
"@qldses:"	"5.058784548929163E-4"
"@sancheezyrican"	"5.058784548929163E-4"
"strongman"	"5.058784548929163E-4"
"@buzzfeednews:"	"5.058784548929163E-4"
"forç"	"5.058784548929163E-4"
"activas"	"5.058784548929163E-4"
"strok"	"5.058784548929163E-4"
"pacific"	"5.058784548929163E-4"
"pacific_tsunami_warning_center"	"5.058784548929163E-4"
"avers"	"5.058784548929163E-4"
"lockyer"	"5.058784548929163E-4"
"disapprov"	"5.058784548929163E-4"
"paraguaná_refinery_complec"	"5.058784548929163E-4"
"#emil"	"5.058784548929163E-4"
"@climavzla:"	"5.058784548929163E-4"
"@redcrossau:"	"5.058784548929163E-4"
"lockyer_valle"	"5.058784548929163E-4"
"terremoto:"	"5.058784548929163E-4"
"co/t"	"5.058784548929163E-4"
"advisory:"	"5.058784548929163E-4"
"shut_down"	"5.058784548929163E-4"
"blew"	"5.058784548929163E-4"
"@cmdr_hadfield:"	"5.058784548929163E-4"
"ayer"	"5.058784548929163E-4"
"underwa"	"5.058784548929163E-4"
"@rescueph"	"5.058784548929163E-4"
"hit_on"	"5.058784548929163E-4"
"forbear"	"5.058784548929163E-4"
"#teamfollowback"	"5.058784548929163E-4"
"@cnnmex:"	"5.058784548929163E-4"
"high_wind"	"5.058784548929163E-4"
"short_message_servic"	"5.058784548929163E-4"
"@cbsnews:"	"5.058784548929163E-4"
"emergenz"	"5.058784548929163E-4"
"@coemergency:"	"5.058784548929163E-4"
"dispatch"	"5.058784548929163E-4"
"briefing:"	"5.058784548929163E-4"
"electrostatic_discharg"	"5.058784548929163E-4"
"toggl"	"5.058784548929163E-4"
"pinoy"	"5.058784548929163E-4"
"tokio_hotel"	"5.058784548929163E-4"
"bemoan"	"5.058784548929163E-4"
"belém"	"5.058784548929163E-4"
"_arkans"	"5.058784548929163E-4"
"debid"	"5.058784548929163E-4"
"incluy"	"5.058784548929163E-4"
"@unicef"	"5.058784548929163E-4"
"desaparecis"	"5.058784548929163E-4"
"northwestern"	"5.058784548929163E-4"
"pledg"	"5.058784548929163E-4"
"legal_right"	"5.058784548929163E-4"
"phl"	"5.058784548929163E-4"
"spread:"	"5.058784548929163E-4"
"despair"	"5.058784548929163E-4"
"telstr"	"5.058784548929163E-4"
"preventiv"	"5.058784548929163E-4"
"@globovis"	"5.058784548929163E-4"
"magic:_the_gather"	"5.058784548929163E-4"
"benetton"	"5.058784548929163E-4"
"off-dut"	"5.058784548929163E-4"
"drop-off"	"5.058784548929163E-4"
"uncontain"	"5.058784548929163E-4"
"brev"	"5.058784548929163E-4"
"polymer"	"5.058784548929163E-4"
"dzhokhar_"	"5.058784548929163E-4"
"impactant"	"5.058784548929163E-4"
"levantan"	"5.058784548929163E-4"
"@yahoonews:"	"5.058784548929163E-4"
"bright"	"5.058784548929163E-4"
"@wsj:"	"5.058784548929163E-4"
"@joefresh"	"5.058784548929163E-4"
"impl"	"5.058784548929163E-4"
"#newbedon"	"5.058784548929163E-4"
"plum"	"5.058784548929163E-4"
"poem"	"5.058784548929163E-4"
"ocurrió"	"5.058784548929163E-4"
"sound_system"	"5.058784548929163E-4"
"idiot"	"5.058784548929163E-4"
"sound_reproduc"	"5.058784548929163E-4"
"powerl"	"5.058784548929163E-4"
"manti"	"5.058784548929163E-4"
"british_archaeological_trust"	"5.058784548929163E-4"
"deceas"	"5.058784548929163E-4"
"times:"	"5.058784548929163E-4"
"dava"	"5.058784548929163E-4"
"marikina_river"	"5.058784548929163E-4"
"a…"	"5.058784548929163E-4"
"stay_"	"5.058784548929163E-4"
"accompan"	"5.058784548929163E-4"
"@denverchannel:"	"5.058784548929163E-4"
"orland"	"5.058784548929163E-4"
"pc"	"5.058784548929163E-4"
"@stvnews:"	"5.058784548929163E-4"
"electrical_breakdown"	"5.058784548929163E-4"
"custody:"	"5.058784548929163E-4"
"news_magaz"	"5.058784548929163E-4"
"news]"	"5.058784548929163E-4"
"macquari"	"5.058784548929163E-4"
"outer_spac"	"5.058784548929163E-4"
"electronic_mus"	"5.058784548929163E-4"
"frequency_spectr"	"5.058784548929163E-4"
"acopi"	"5.058784548929163E-4"
"azot"	"5.058784548929163E-4"
"paul_walker"	"5.058784548929163E-4"
"local"	"5.058784548929163E-4"
"digital_computer"	"5.058784548929163E-4"
"local_government_are"	"5.058784548929163E-4"
"ua&amp"	"5.058784548929163E-4"
"sufrir"	"5.058784548929163E-4"
"cóm"	"5.058784548929163E-4"
"details:"	"5.058784548929163E-4"
"m7"	"5.058784548929163E-4"
"@neasg"	"5.058784548929163E-4"
"garment-factor"	"5.058784548929163E-4"
"_rio_grande_do_sl"	"5.058784548929163E-4"
"do_b"	"5.058784548929163E-4"
"gympi"	"5.058784548929163E-4"
"#queensland"	"5.058784548929163E-4"
"#crash"	"5.058784548929163E-4"
"stallion"	"5.058784548929163E-4"
"deter"	"5.058784548929163E-4"
"tv_st"	"5.058784548929163E-4"
"peor"	"5.058784548929163E-4"
"d:"	"5.058784548929163E-4"
"@energec"	"5.058784548929163E-4"
"@elcomerci"	"5.058784548929163E-4"
"@telesurtv:"	"5.058784548929163E-4"
"informand"	"5.058784548929163E-4"
"informan"	"5.058784548929163E-4"
"domestic_cat"	"5.058784548929163E-4"
"province_of_costa_ric"	"5.058784548929163E-4"
"231"	"5.058784548929163E-4"
"8:42am"	"5.058784548929163E-4"
"cayó"	"5.058784548929163E-4"
"суровый"	"5.058784548929163E-4"
"aug"	"5.058784548929163E-4"
"suppl"	"5.058784548929163E-4"
"ipswich"	"5.058784548929163E-4"
"corrier"	"5.058784548929163E-4"
"звезду"	"5.058784548929163E-4"
"4pm"	"5.058784548929163E-4"
"sangr"	"5.058784548929163E-4"
"caryops"	"5.058784548929163E-4"
"wal-mart"	"5.058784548929163E-4"
"farrel"	"5.058784548929163E-4"
"famili"	"5.058784548929163E-4"
"rout"	"5.058784548929163E-4"
"cancelan"	"5.058784548929163E-4"
"comisión"	"5.058784548929163E-4"
"@_snape_:"	"5.058784548929163E-4"
"name-drop"	"5.058784548929163E-4"
"recovery_"	"5.058784548929163E-4"
"walker"	"5.058784548929163E-4"
"santa_mar"	"5.058784548929163E-4"
"say:"	"5.058784548929163E-4"
"labor_part"	"5.058784548929163E-4"
"set_up"	"5.058784548929163E-4"
"5°"	"5.058784548929163E-4"
"msnbc"	"5.058784548929163E-4"
"какой"	"5.058784548929163E-4"
"morto"	"5.058784548929163E-4"
"любимой"	"5.058784548929163E-4"
"ural_mountain"	"5.058784548929163E-4"
"ascens"	"5.058784548929163E-4"
"романтик"	"5.058784548929163E-4"
"conceptual"	"5.058784548929163E-4"
"780"	"5.058784548929163E-4"
"commens"	"5.058784548929163E-4"
"at_any_r"	"5.058784548929163E-4"
"flagstaff"	"5.058784548929163E-4"
"своей"	"5.058784548929163E-4"
"#worldnew"	"5.058784548929163E-4"
"@autalert:"	"5.058784548929163E-4"
"red_alers"	"5.058784548929163E-4"
"conacast"	"5.058784548929163E-4"
"alp"	"5.058784548929163E-4"
"wouldn"	"5.058784548929163E-4"
"coverage:"	"5.058784548929163E-4"
"carri"	"5.058784548929163E-4"
"countrym"	"5.058784548929163E-4"
"vídeo_show"	"5.058784548929163E-4"
"021"	"5.058784548929163E-4"
"vacuum"	"5.058784548929163E-4"
"reiter"	"5.058784548929163E-4"
"chius"	"5.058784548929163E-4"
"countryman"	"5.058784548929163E-4"
"fire_eng"	"5.058784548929163E-4"
"seq"	"5.058784548929163E-4"
"almen"	"5.058784548929163E-4"
"@ancalers"	"5.058784548929163E-4"
"челябинский"	"5.058784548929163E-4"
"just_now"	"5.058784548929163E-4"
"usgs:"	"5.058784548929163E-4"
"residential_are"	"5.058784548929163E-4"
"6am"	"5.058784548929163E-4"
"submerg"	"5.058784548929163E-4"
"seismic_wav"	"5.058784548929163E-4"
"1800"	"5.058784548929163E-4"
"equipm"	"5.058784548929163E-4"
"responder"	"5.058784548929163E-4"
"melt"	"5.058784548929163E-4"
"extract"	"5.058784548929163E-4"
"audio_sign"	"5.058784548929163E-4"
"audio_storage_devic"	"5.058784548929163E-4"
"sunlight"	"5.058784548929163E-4"
"@702sydne"	"5.058784548929163E-4"
"jon"	"5.058784548929163E-4"
"sardegna:"	"5.058784548929163E-4"
"647"	"5.058784548929163E-4"
"11pm"	"5.058784548929163E-4"
"roar"	"5.058784548929163E-4"
"610"	"5.058784548929163E-4"
"11:00pm"	"5.058784548929163E-4"
"see_in"	"5.058784548929163E-4"
"atmospheric_electr"	"5.058784548929163E-4"
"190"	"5.058784548929163E-4"
"commissioner"	"5.058784548929163E-4"
"@abcwidebay:"	"5.058784548929163E-4"
"пообещал"	"5.058784548929163E-4"
"wash_up"	"5.058784548929163E-4"
"kedr"	"5.058784548929163E-4"
"2013_california_wildfire_season"	"5.058784548929163E-4"
"950"	"5.058784548929163E-4"
"seatrain_album"	"5.058784548929163E-4"
"consc"	"5.058784548929163E-4"
"veterans_da"	"5.058784548929163E-4"
"8:42"	"5.058784548929163E-4"
"moth"	"5.058784548929163E-4"
"82"	"5.058784548929163E-4"
"@afp"	"5.058784548929163E-4"
"updates:"	"5.058784548929163E-4"
"victims:"	"5.058784548929163E-4"
"kirst"	"5.058784548929163E-4"
"season_1"	"5.058784548929163E-4"
"champeric"	"5.058784548929163E-4"
"23-year-old"	"5.058784548929163E-4"
"motorcycl"	"5.058784548929163E-4"
"245"	"5.058784548929163E-4"
"-east"	"5.058784548929163E-4"
"alg"	"5.058784548929163E-4"
"romant"	"5.058784548929163E-4"
"national_econom"	"5.058784548929163E-4"
"yanke"	"5.058784548929163E-4"
"national_guard"	"5.058784548929163E-4"
"compatriot"	"5.058784548929163E-4"
"it’"	"5.058784548929163E-4"
"web_applic"	"5.058784548929163E-4"
"void_"	"5.058784548929163E-4"
"83km"	"5.058784548929163E-4"
"flees"	"5.058784548929163E-4"
"10th_edit"	"5.058784548929163E-4"
"upses"	"5.058784548929163E-4"
"assail"	"5.058784548929163E-4"
"метеорит"	"5.058784548929163E-4"
"subsid"	"5.058784548929163E-4"
"9º"	"5.058784548929163E-4"
"cosmolog"	"5.058784548929163E-4"
"@abcnews24:"	"5.058784548929163E-4"
"assault"	"5.058784548929163E-4"
"@abcnews:"	"5.058784548929163E-4"
