"NumberOfHashTag"	"0.1270596970549962"
"cost"	"0.06289954601595604"
"ric"	"0.058937271226154664"
"collaps"	"0.04674055174358549"
"terremot"	"0.04485118719461412"
"NumberOfNouns"	"0.040051688715913025"
"7"	"0.03329969432883806"
"#earthquak"	"0.03322722298897063"
"bangladesh"	"0.03098720593011617"
"#redoctober"	"0.029194079913044013"
"NumberOfVerbs"	"0.027756969696475897"
"fir"	"0.024834033880570372"
"tsunam"	"0.0246234080919685"
"build"	"0.023378734241426224"
"factor"	"0.02029594261708134"
"tol"	"0.01792915957997132"
"#bangladesh"	"0.017923249308414158"
"#colorad"	"0.017421168583669155"
"earthquak"	"0.014892701043634826"
"alers"	"0.014655715543740677"
"guatemal"	"0.01417809366668299"
"wildfir"	"0.013509119064424202"
"meteor"	"0.013345277340629735"
"TweetLength"	"0.012850216179414287"
"hit"	"0.012479195103697993"
"9"	"0.010881765007911048"
"NumberOfWords"	"0.01059837832462307"
"quak"	"0.010518871515187933"
"tra"	"0.010043167438740896"
"sism"	"0.00997571207748782"
"en"	"0.009741437785688367"
"injur"	"0.009703791140918905"
"death"	"0.009256652951843303"
"september"	"0.009155804373964904"
"rus"	"0.009093692371836659"
"rt"	"0.008912923658473182"
"#nswfir"	"0.0083969422978043"
"gmt"	"0.007599121906713746"
"magnitud"	"0.007371833798219152"
"glasgow"	"0.006918872201839732"
"2012"	"0.006762080273072679"
"#russianmeteor"	"0.006643171557712435"
"fuers"	"0.0066403179326745"
"warn"	"0.006490710829583968"
"@"	"0.006312736457092516"
"suspect"	"0.006307494899801203"
"garm"	"0.0062410047388321566"
"grado"	"0.0062410047388321566"
"prayer"	"0.0062410047388321566"
"explos"	"0.006095098769555163"
"#méxic"	"0.005924203871593203"
"【#usg"	"0.00583767295819182"
"peopl"	"0.005764865521311835"
"strik"	"0.00562648596568216"
"report"	"0.0056252614119590705"
"#prayfromjapan"	"0.005619133500635365"
"island"	"0.005619133500635365"
"collapse:"	"0.005614798461365478"
"#地震"	"0.005466693488299201"
"evacu"	"0.005423082022585679"
"#jishin"	"0.005401021849887888"
"victim"	"0.005306081685392372"
"shooter"	"0.005234619693940679"
"shoot"	"0.005113244345083423"
"richter"	"0.005045169628732693"
"affect"	"0.005018639248731804"
"#losangel"	"0.005009485014685233"
"#guatemal"	"0.004961120873680724"
"#sism"	"0.004810029768395063"
"#l"	"0.004780993864523575"
"afghanistan"	"0.004780993864523575"
"#highparkfir"	"0.004581340109071408"
"#banglaspr"	"0.0045525780365121005"
"thos"	"0.00446272901496092"
"pub"	"0.004423228037125582"
"0"	"0.004362951542930094"
"de"	"0.004229221995523447"
"int"	"0.00418792768158327"
"#alert】"	"0.004102899540735283"
"involut"	"0.0040932894167377"
"sacud"	"0.0038855054679721723"
"#saiga"	"0.0038677819692336524"
"californ"	"0.0038124513257951076"
"#mus"	"0.003639666913951678"
"#se"	"0.003639666913951678"
"king"	"0.003639666913951678"
"3"	"0.00363617949021533"
"savar"	"0.0036062787773458727"
"polic"	"0.0035786706282806557"
"everyon"	"0.003531133879671078"
"000"	"0.0035006591120294583"
"thought"	"0.003500269637162212"
"gam"	"0.003462347249264419"
"alask"	"0.003462347249264419"
"rica:"	"0.0034595135475053995"
"#shahbag"	"0.003442860131896097"
"nsw"	"0.0034394235859015465"
"#blog"	"0.003411626923156663"
"california:"	"0.003411626923156663"
"#sf"	"0.003411626923156663"
"#turnup"	"0.003411626923156663"
"temblor"	"0.0034046661929864053"
"ha"	"0.0033230733852975813"
"NumberOfPronouns"	"0.003287572503050562"
"pra"	"0.003262935333265937"
"#west"	"0.003250690176319737"
"#waldocanyonfir"	"0.0032477649196108738"
"coast"	"0.0032187594458337188"
"strong"	"0.0032042680669398527"
"royalt"	"0.0031836619454924664"
"#cal"	"0.0031836619454924664"
"#veg"	"0.0031836619454924664"
"#wp"	"0.0031836619454924664"
"#oakland"	"0.0031836619454924664"
"#oc"	"0.0031836619454924664"
"#sm"	"0.0031836619454924664"
"#bayare"	"0.0031836619454924664"
"region:"	"0.0031836619454924664"
"rescuer"	"0.003181577286281878"
"blu"	"0.003181577286281878"
"#temblorcr"	"0.003121658027813945"
"update:"	"0.0030568627808393867"
"#savebangladesh"	"0.003039487914819783"
"#worldser"	"0.002955771929633366"
"推定"	"0.002955771929633366"
"@breakingnews:"	"0.0029538366159012064"
"@nswrfs:"	"0.0029538366159012064"
"cluth"	"0.0029538366159012064"
"#bushfir"	"0.0029538366159012064"
"5"	"0.0029352156502212567"
"#costaric"	"0.0029275682967092598"
"#helicopter"	"0.002913440252257371"
"chin"	"0.0028295602888843696"
"survivor"	"0.0028075351814064176"
"#cardinaln"	"0.0027279568243253616"
"@zishin3255:"	"0.0027279568243253616"
"■■緊急地震速報"	"0.0027279568243253616"
"■■"	"0.0027279568243253616"
"[詳細]"	"0.0027279568243253616"
"agent"	"0.00272617078794013"
"@ap:"	"0.00272617078794013"
"danger"	"0.00272617078794013"
"#quak"	"0.002712893491654156"
"ar"	"0.0026329638957014456"
"#earthquake:"	"0.002620778848012817"
"#job"	"0.002620778848012817"
"ris"	"0.0026185437577865844"
"sacudió"	"0.0026185437577865844"
"smok"	"0.002611448729284871"
"sens"	"0.002611448729284871"
"por"	"0.0025963933701639297"
"#lac"	"0.0025897680277795487"
"burn"	"0.00256446602984417"
"pla"	"0.002500216578371628"
"@earthquake_jp:"	"0.002500216578371628"
"131106"	"0.002500216578371628"
"#temblor♨"	"0.002500216578371628"
"#cardin"	"0.002500216578371628"
"@ap"	"0.0024985797512612207"
"rican"	"0.0024985797512612207"
"http:"	"0.0024985797512612207"
"hundred"	"0.002495312171528652"
"hom"	"0.0024243744110306054"
"sold"	"0.002419465366545248"
"6"	"0.0024175898847775823"
"daño"	"0.0024170796394181737"
"hil"	"0.00241327767398114"
"nightclub"	"0.0024111920656824104"
"dead"	"0.0023247229758099897"
"disaster"	"0.0023119673783732475"
"shower"	"0.0023119673783732475"
"amua"	"0.0023119673783732475"
"co/exjb4v0rbx"	"0.002272551140615753"
"#deprem"	"0.002272551140615753"
"#12in13"	"0.002272551140615753"
"@cardin"	"0.002272551140615753"
"multipl"	"0.002271063454774569"
"200"	"0.002271063454774569"
"réplic"	"0.002271063454774569"
"http:/"	"0.002271063454774569"
"@nswrf"	"0.002271063454774569"
"trap"	"0.002271063454774569"
"destroy"	"0.002271063454774569"
"#breaking:"	"0.002271063454774569"
"—"	"0.0022273731296964527"
"1"	"0.002220762885390193"
"sydne"	"0.002218312209772977"
"virgin"	"0.002207217748137369"
"rubbl"	"0.002205281553512961"
"emerg"	"0.0021308340912540302"
"#nswrf"	"0.0021308340912540302"
"ts"	"0.0021308340912540302"
"par"	"0.0021281282025110704"
"vide"	"0.0021157739400371467"
"utc"	"0.002065072393340528"
"ap"	"0.002059268541416026"
"japan"	"0.0020449604599581672"
"bever"	"0.0020449604599581672"
"#siegedhak"	"0.0020449604599581672"
"magnitude  mb"	"0.0020449604599581672"
"hub"	"0.0020436218474404466"
"magnitude-7"	"0.0020436218474404466"
"trag"	"0.0020436218474404466"
"ural"	"0.0020436218474404466"
"devast"	"0.0020436218474404466"
"6-magnitud"	"0.0020436218474404466"
"heav"	"0.0020436218474404466"
"#cebu"	"0.002036323232610049"
"scar"	"0.00203423667435898"
"blast"	"0.00203423667435898"
"islam"	"0.00200279466596609"
"según"	"0.002001007816817779"
"power"	"0.001938766850249296"
"lol"	"0.0019158176188478482"
"muerto"	"0.001913429715437398"
"cit"	"0.001913429715437398"
"stil"	"0.0018611087479286637"
"govt"	"0.0018481556729889048"
"bush"	"0.0018462185966675593"
"hav"	"0.0018389344890985537"
"深さ10km"	"0.00181744448537835"
"#pakistan"	"0.00181744448537835"
"最大震度"	"0.00181744448537835"
"#breaking】"	"0.00181744448537835"
"card"	"0.00181744448537835"
"hah"	"0.00181744448537835"
"billionair"	"0.00181744448537835"
"cardin"	"0.00181744448537835"
"@td_deportes:"	"0.00181744448537835"
"sec"	"0.00181744448537835"
"alaska:"	"0.00181744448537835"
"mag"	"0.0018162548782977295"
"perú"	"0.0018162548782977295"
"immedi"	"0.0018162548782977295"
"300"	"0.0018162548782977295"
"carib"	"0.0018162548782977295"
"@stcom:"	"0.0018162548782977295"
"fire:"	"0.0018162548782977295"
"volunteer"	"0.0018162548782977295"
"black"	"0.0018002493337101466"
"#pasthour"	"0.0018002493337101466"
"thre"	"0.0017986117619110953"
"@tobeymonster"	"0.0017986117619110953"
"pacífic"	"0.0017986117619110953"
"casualt"	"0.0017986117619110953"
"explod"	"0.0017986117619110953"
"500"	"0.0017986117619110953"
"haz"	"0.001768054908998451"
"confirm"	"0.001768054908998451"
"traged"	"0.001768054908998451"
"dhak"	"0.0017492058452468484"
"fu"	"0.0017492058452468484"
"check"	"0.0017488404460795914"
"sad"	"0.0017466022982515206"
"spring"	"0.0017060137463190683"
"ther"	"0.0016902744264513103"
"found"	"0.001687181319658504"
"austral"	"0.001682268371284601"
"girl"	"0.0016626345639084716"
"400"	"0.0016608469012591165"
"aster"	"0.0016608469012591165"
"fight"	"0.0016608469012591165"
"el"	"0.0016547298330309435"
"4"	"0.0016176845361319803"
"usg"	"0.0016030307737425753"
"owner"	"0.0016030307737425753"
"saturda"	"0.0015998831481934817"
"13"	"0.0015998831481934817"
"crim"	"0.0015998831481934817"
"fal"	"0.0015985974883689913"
"escal"	"0.0015983947856691438"
"sho"	"0.0015983947856691438"
"bbc"	"0.0015983947856691438"
"condit"	"0.0015983947856691438"
"cros"	"0.0015983947856691438"
"troop"	"0.001590003165865106"
"震源地"	"0.001590003165865106"
"#myanmar"	"0.001590003165865106"
"til"	"0.001590003165865106"
"#syr"	"0.001590003165865106"
"#hondur"	"0.001590003165865106"
"#revolut"	"0.001590003165865106"
"#hasin"	"0.001590003165865106"
"evacuee"	"0.0015889624964016136"
"hug"	"0.0015889624964016136"
"liber"	"0.0015889624964016136"
"imágen"	"0.0015889624964016136"
"39"	"0.0015889624964016136"
"more:"	"0.0015889624964016136"
"chilen"	"0.0015889624964016136"
"@reuters:"	"0.0015889624964016136"
"forest"	"0.0015889624964016136"
"murder"	"0.0015889624964016136"
"@newearthquake:"	"0.0015889624964016136"
"firefighter"	"0.0015840063734773313"
"#mexic"	"0.0014801165335600608"
"sic"	"0.0014801165335600608"
"whit"	"0.0014801165335600608"
"#falcon"	"0.0014801165335600608"
"worker"	"0.0014512541430049541"
"crash"	"0.0014367447638261588"
"depth:"	"0.0014350637181990145"
"#prayfortic"	"0.0014332752413080962"
"breaking:"	"0.0014332752413080962"
"shot"	"0.0014332752413080962"
"100"	"0.0014332752413080962"
"acros"	"0.0014332752413080962"
"fertil"	"0.0014308915228408159"
"indones"	"0.001424418121392712"
"mas"	"0.0014224792792656427"
"forc"	"0.0014224792792656427"
"rescu"	"0.0014224792792656427"
"protester"	"0.0014020801241039216"
"mund"	"0.0014020801241039216"
"worst"	"0.0014007409028490292"
"effect"	"0.0014007409028490292"
"abov"	"0.0014007409028490292"
"fund"	"0.0014007409028490292"
"colorad"	"0.0013948112739997631"
"#blacknight"	"0.0013626364505022748"
"unit"	"0.0013626364505022748"
"manag"	"0.0013626364505022748"
"#stlcard"	"0.0013626364505022748"
"【"	"0.0013626364505022748"
"#islam"	"0.0013626364505022748"
"#災害"	"0.0013626364505022748"
"fertilizant"	"0.0013626364505022748"
"@byers_brian:"	"0.0013626364505022748"
"::"	"0.0013626364505022748"
"jun"	"0.0013626364505022748"
"french"	"0.0013626364505022748"
"cyclon"	"0.0013626364505022748"
"#anonym"	"0.0013626364505022748"
"最終報"	"0.0013626364505022748"
"clas"	"0.0013626364505022748"
"#denver"	"0.0013626364505022748"
"#sk"	"0.0013626364505022748"
"mb"	"0.0013626364505022748"
"#ind"	"0.0013626364505022748"
"celebr"	"0.0013626364505022748"
"excit"	"0.0013626364505022748"
"第1報"	"0.0013626364505022748"
"#rt"	"0.0013626364505022748"
"independenc"	"0.0013626364505022748"
"mor"	"0.0013621337112341703"
"uno"	"0.0013617446508935593"
"grow"	"0.0013617446508935593"
"guatemala:"	"0.0013617446508935593"
"ital"	"0.0013617446508935593"
"marco"	"0.0013617446508935593"
"streak"	"0.0013617446508935593"
"#centroaméric"	"0.0013617446508935593"
"sever"	"0.0013617446508935593"
"acr"	"0.0013617446508935593"
"recov"	"0.0013617446508935593"
"advertenc"	"0.0013617446508935593"
"investig"	"0.0013617446508935593"
"compens"	"0.0013617446508935593"
"@deadmau5"	"0.0013617446508935593"
"32"	"0.0013617446508935593"
"hermano"	"0.0013617446508935593"
"connect"	"0.0013617446508935593"
"800"	"0.0013617446508935593"
"bushfir"	"0.0013617446508935593"
"scotland"	"0.0013617446508935593"
"#dhak"	"0.0013010381349894962"
"&gt"	"0.0013010381349894962"
"wal"	"0.0012995490951654975"
"lost"	"0.0012995490951654975"
"km"	"0.0012926921803089186"
"break"	"0.0012672371603101862"
"follow"	"0.0012672371603101862"
"reuter"	"0.001265856495541895"
"sta"	"0.001265856495541895"
"#tsunam"	"0.0012525126946508758"
"il"	"0.001248322990379136"
"chil"	"0.001246080752706491"
"ges"	"0.0012113712614451044"
"partid"	"0.0012073401760508418"
"#c"	"0.0012073401760508418"
"quebec"	"0.0012061500281169701"
"crew"	"0.0012061500281169701"
"guanacast"	"0.0012061500281169701"
"scos"	"0.0012061500281169701"
"#costarica:"	"0.0012061500281169701"
"custod"	"0.0012061500281169701"
"#temblorgt"	"0.0012061500281169701"
"fo"	"0.0012061500281169701"
"caus"	"0.0012047800885056636"
"pas"	"0.0011983397465035184"
"great"	"0.0011694442023660878"
"2"	"0.001147504443249514"
"lac"	"0.0011424939316654337"
"video:"	"0.0011360275387907182"
"islands:"	"0.0011353442884073361"
"#earthquake#"	"0.0011353442884073361"
"fak"	"0.0011353442884073361"
"isn"	"0.0011353442884073361"
"@basherkella:"	"0.0011353442884073361"
"mon"	"0.0011353442884073361"
"31"	"0.0011353442884073361"
"mejor"	"0.0011353442884073361"
"brother"	"0.0011353442884073361"
"bom"	"0.0011353442884073361"
"#hmrd"	"0.0011353442884073361"
"#afghanistan"	"0.0011353442884073361"
"#5ma"	"0.0011353442884073361"
"@noishobdo:"	"0.0011353442884073361"
"edt"	"0.0011353442884073361"
"art"	"0.0011353442884073361"
"argentin"	"0.0011353442884073361"
"click"	"0.0011353442884073361"
"time  2012-09-15"	"0.0011353442884073361"
"avec"	"0.0011353442884073361"
"#de"	"0.0011353442884073361"
"co/1es1yosk"	"0.0011353442884073361"
"buyer"	"0.0011353442884073361"
"winner"	"0.0011353442884073361"
"0-2"	"0.0011353442884073361"
"#rohingy"	"0.0011353442884073361"
"destruc"	"0.0011346012909549952"
"pop"	"0.0011346012909549952"
"pik"	"0.0011346012909549952"
"@nswfire:"	"0.0011346012909549952"
"han"	"0.0011346012909549952"
"derail"	"0.0011346012909549952"
"structur"	"0.0011346012909549952"
"anger"	"0.0011346012909549952"
"fires:"	"0.0011346012909549952"
"@basedbieberlif"	"0.0011346012909549952"
"1000"	"0.0011346012909549952"
"dead:"	"0.0011346012909549952"
"ocurrid"	"0.0011346012909549952"
"trigger"	"0.0011346012909549952"
"cianc"	"0.0011346012909549952"
"descart"	"0.0011346012909549952"
"ignor"	"0.0011346012909549952"
"trad"	"0.0011346012909549952"
"accident"	"0.0011346012909549952"
"wildfire:"	"0.0011346012909549952"
"registrad"	"0.0011346012909549952"
"ga"	"0.0011346012909549952"
"panamá"	"0.0011346012909549952"
"containm"	"0.0011346012909549952"
"hojanch"	"0.0011346012909549952"
"cris"	"0.0011346012909549952"
"bles"	"0.0011346012909549952"
"caribbean-w"	"0.0011346012909549952"
"touch"	"0.0011346012909549952"
"afectado"	"0.0011346012909549952"
"checkpoint"	"0.0011346012909549952"
"16"	"0.001125941722527224"
"job"	"0.001125941722527224"
"reportan"	"0.0011246018919779388"
"tw"	"0.0011178165901452042"
"#cluth"	"0.0011084498636747542"
"arm"	"0.0011068970099439301"
"ps"	"0.0011054072922010993"
"bangladesh:"	"0.0011054072922010993"
"southern"	"0.00104517291633055"
"#new"	"0.0010317682786035176"
"pm"	"0.001016331075614496"
"dar"	"0.001016331075614496"
"#elsalvador"	"0.001016331075614496"
"win"	"0.001016331075614496"
"ter"	"0.001015289933119945"
"flam"	"0.001015289933119945"
"sintió"	"0.001015289933119945"
"--"	"0.001015289933119945"
"nicaragu"	"0.001015289933119945"
"48"	"0.001015289933119945"
"bohol"	"0.001015289933119945"
"mes"	"9.555127588747325E-4"
"te"	"9.555127588747325E-4"
"laugh"	"9.555127588747325E-4"
"@bbcbreaking:"	"9.543220695924504E-4"
"presid"	"9.543220695924504E-4"
"chang"	"9.543220695924504E-4"
"tx"	"9.543220695924504E-4"
"bound"	"9.081266287570555E-4"
"december"	"9.081266287570555E-4"
"jav"	"9.081266287570555E-4"
"#warcrim"	"9.081266287570555E-4"
"chittagong"	"9.081266287570555E-4"
"#sunses"	"9.081266287570555E-4"
"#photograph"	"9.081266287570555E-4"
"thx"	"9.081266287570555E-4"
"thunderstorm"	"9.081266287570555E-4"
"propagand"	"9.081266287570555E-4"
"prof=8"	"9.081266287570555E-4"
"gl"	"9.081266287570555E-4"
"himn"	"9.081266287570555E-4"
"#vprsd"	"9.081266287570555E-4"
"#summer"	"9.081266287570555E-4"
"#addseguidor"	"9.081266287570555E-4"
"decir"	"9.081266287570555E-4"
"announc"	"9.081266287570555E-4"
"#…"	"9.081266287570555E-4"
"indonesiad"	"9.081266287570555E-4"
"problem"	"9.081266287570555E-4"
"abduc"	"9.081266287570555E-4"
"indonesia:"	"9.081266287570555E-4"
"seguidor"	"9.081266287570555E-4"
"group"	"9.081266287570555E-4"
"greec"	"9.081266287570555E-4"
"rea"	"9.081266287570555E-4"
"#palest"	"9.081266287570555E-4"
"ranch"	"9.081266287570555E-4"
"@wnicholasgomes:"	"9.081266287570555E-4"
"#paragua"	"9.081266287570555E-4"
"worldw"	"9.081266287570555E-4"
"#luhc2k13"	"9.081266287570555E-4"
"host"	"9.081266287570555E-4"
"hat"	"9.081266287570555E-4"
"tiemp"	"9.081266287570555E-4"
"tirote"	"9.081266287570555E-4"
"time  2012-09-16"	"9.081266287570555E-4"
"bab"	"9.081266287570555E-4"
"deb"	"9.081266287570555E-4"
"#cardinalstock"	"9.081266287570555E-4"
"#redbird"	"9.081266287570555E-4"
"@opbangladesh:"	"9.081266287570555E-4"
"paz"	"9.081266287570555E-4"
"#r"	"9.081266287570555E-4"
"05"	"9.081266287570555E-4"
"magnitude  ml"	"9.081266287570555E-4"
"afghan"	"9.081266287570555E-4"
"co/2rjirrnlo"	"9.081266287570555E-4"
"october"	"9.081266287570555E-4"
"nnw"	"9.081266287570555E-4"
"tribun"	"9.081266287570555E-4"
"90"	"9.081266287570555E-4"
"#concacaf"	"9.081266287570555E-4"
"#fam"	"9.081266287570555E-4"
"#eqjp"	"9.081266287570555E-4"
"ssw"	"9.081266287570555E-4"
"ángel"	"9.081266287570555E-4"
"elect"	"9.081266287570555E-4"
"magn"	"9.081266287570555E-4"
"pe"	"9.081266287570555E-4"
"wat"	"9.081266287570555E-4"
"bas"	"9.081266287570555E-4"
"limis"	"9.081266287570555E-4"
"kepulauan"	"9.081266287570555E-4"
"@feb28info:"	"9.081266287570555E-4"
"clash"	"9.081266287570555E-4"
"akan"	"9.081266287570555E-4"
"07"	"9.081266287570555E-4"
"#postcard"	"9.081266287570555E-4"
"@dost_pagasa:"	"9.081266287570555E-4"
"#japan"	"9.081266287570555E-4"
"sil"	"9.081266287570555E-4"
"vil"	"9.081266287570555E-4"
"wag"	"9.081266287570555E-4"
"#boulder"	"9.081266287570555E-4"
"cres"	"9.081266287570555E-4"
"solidaridad"	"9.075323658247481E-4"
"cooler"	"9.075323658247481E-4"
"urgente:"	"9.075323658247481E-4"
"shook"	"9.075323658247481E-4"
"@biobio:"	"9.075323658247481E-4"
"73"	"9.075323658247481E-4"
"today:"	"9.075323658247481E-4"
"surviv"	"9.075323658247481E-4"
"concres"	"9.075323658247481E-4"
"9-magnitud"	"9.075323658247481E-4"
"crack"	"9.075323658247481E-4"
"declaró"	"9.075323658247481E-4"
"@abc"	"9.075323658247481E-4"
"@yahoonew"	"9.075323658247481E-4"
"lift"	"9.075323658247481E-4"
"vis"	"9.075323658247481E-4"
"ger"	"9.075323658247481E-4"
"rf"	"9.075323658247481E-4"
"rur"	"9.075323658247481E-4"
"fiv"	"9.075323658247481E-4"
"#brasil"	"9.075323658247481E-4"
"pictures:"	"9.075323658247481E-4"
"photograph"	"9.075323658247481E-4"
"@nbcnews:"	"9.075323658247481E-4"
"aw"	"9.075323658247481E-4"
"injured:"	"9.075323658247481E-4"
"refin"	"9.075323658247481E-4"
"bangladesh’"	"9.075323658247481E-4"
"reshm"	"9.075323658247481E-4"
"vítim"	"9.075323658247481E-4"
"banglad"	"9.075323658247481E-4"
"bangl"	"9.075323658247481E-4"
"@nas"	"9.075323658247481E-4"
"geológic"	"9.075323658247481E-4"
"merg"	"9.075323658247481E-4"
"approach"	"9.075323658247481E-4"
"scal"	"9.075323658247481E-4"
"#cost"	"9.075323658247481E-4"
"official:"	"9.075323658247481E-4"
"@cnn:"	"9.075323658247481E-4"
"embrac"	"9.075323658247481E-4"
"@time:"	"9.075323658247481E-4"
"altr"	"9.075323658247481E-4"
"notic"	"9.075323658247481E-4"
"fotos:"	"9.075323658247481E-4"
"common"	"6.80983420780823E-4"
"jp】"	"6.80983420780823E-4"
"glenwood"	"6.80983420780823E-4"
"green"	"6.80983420780823E-4"
"gol"	"6.80983420780823E-4"
"throw"	"6.80983420780823E-4"
"goal"	"6.80983420780823E-4"
"theor"	"6.80983420780823E-4"
"jamaat"	"6.80983420780823E-4"
"@gameofthron"	"6.80983420780823E-4"
"tast"	"6.80983420780823E-4"
"#paradis"	"6.80983420780823E-4"
"applic"	"6.80983420780823E-4"
"tickes"	"6.80983420780823E-4"
"ht…"	"6.80983420780823E-4"
"taiwan"	"6.80983420780823E-4"
"antarct"	"6.80983420780823E-4"
"humid"	"6.80983420780823E-4"
"tan"	"6.80983420780823E-4"
"individu"	"6.80983420780823E-4"
"homecom"	"6.80983420780823E-4"
"hawaii:"	"6.80983420780823E-4"
"insight"	"6.80983420780823E-4"
"#opbangladesh"	"6.80983420780823E-4"
"heris"	"6.80983420780823E-4"
"cobertur"	"6.80983420780823E-4"
"hik"	"6.80983420780823E-4"
"tem"	"6.80983420780823E-4"
"ros"	"6.80983420780823E-4"
"#newyork"	"6.80983420780823E-4"
"tien"	"6.80983420780823E-4"
"#may5"	"6.80983420780823E-4"
"#may"	"6.80983420780823E-4"
"truth"	"6.80983420780823E-4"
"#mayda"	"6.80983420780823E-4"
"empres"	"6.80983420780823E-4"
"aku"	"6.80983420780823E-4"
"@sabrina_s71:"	"6.80983420780823E-4"
"adventur"	"6.80983420780823E-4"
"trop"	"6.80983420780823E-4"
"electr"	"6.80983420780823E-4"
"eff"	"6.80983420780823E-4"
"#mahas"	"6.80983420780823E-4"
"[preview]"	"6.80983420780823E-4"
"#lol"	"6.80983420780823E-4"
"dram"	"6.80983420780823E-4"
"[fantaken]"	"6.80983420780823E-4"
"date:"	"6.80983420780823E-4"
"depth："	"6.80983420780823E-4"
"[震源地]"	"6.80983420780823E-4"
"disfrut"	"6.80983420780823E-4"
"esclav"	"6.80983420780823E-4"
"#milit"	"6.80983420780823E-4"
"genoc"	"6.80983420780823E-4"
"confirmó"	"6.80983420780823E-4"
"freedom"	"6.80983420780823E-4"
"fábric"	"6.80983420780823E-4"
"compli"	"6.80983420780823E-4"
"gan"	"6.80983420780823E-4"
"@real_liam_payn"	"6.80983420780823E-4"
"ganhar"	"6.80983420780823E-4"
"judg"	"6.80983420780823E-4"
"ganh"	"6.80983420780823E-4"
"ford"	"6.80983420780823E-4"
"@npdice:"	"6.80983420780823E-4"
"firework"	"6.80983420780823E-4"
"#mountain"	"6.80983420780823E-4"
"aleut"	"6.80983420780823E-4"
"field"	"6.80983420780823E-4"
"extr"	"6.80983420780823E-4"
"allah"	"6.80983420780823E-4"
"consecutiv"	"6.80983420780823E-4"
"#n"	"6.80983420780823E-4"
"fic"	"6.80983420780823E-4"
"#polit"	"6.80983420780823E-4"
"stuck"	"6.80983420780823E-4"
"kany"	"6.80983420780823E-4"
"prelim"	"6.80983420780823E-4"
"1-0"	"6.80983420780823E-4"
"co/nl5fnhnof"	"6.80983420780823E-4"
"project"	"6.80983420780823E-4"
"book"	"6.80983420780823E-4"
"latin"	"6.80983420780823E-4"
"#s…"	"6.80983420780823E-4"
"querí"	"6.80983420780823E-4"
"servicem"	"6.80983420780823E-4"
"blessé"	"6.80983420780823E-4"
"#stl"	"6.80983420780823E-4"
"sidorukun"	"6.80983420780823E-4"
"petróleo"	"6.80983420780823E-4"
"sister"	"6.80983420780823E-4"
"#somal"	"6.80983420780823E-4"
"sim"	"6.80983420780823E-4"
"14/09/12"	"6.80983420780823E-4"
"bat"	"6.80983420780823E-4"
"pit"	"6.80983420780823E-4"
"poison"	"6.80983420780823E-4"
"quit"	"6.80983420780823E-4"
"$"	"6.80983420780823E-4"
"segu"	"6.80983420780823E-4"
"cent"	"6.80983420780823E-4"
"regions"	"6.80983420780823E-4"
"champ"	"6.80983420780823E-4"
"rumor"	"6.80983420780823E-4"
"#war"	"6.80983420780823E-4"
"campus"	"6.80983420780823E-4"
"cap"	"6.80983420780823E-4"
"#vac"	"6.80983420780823E-4"
"#travel"	"6.80983420780823E-4"
"salir"	"6.80983420780823E-4"
"brit"	"6.80983420780823E-4"
"ratusan"	"6.80983420780823E-4"
"ral"	"6.80983420780823E-4"
"child"	"6.80983420780823E-4"
"china:"	"6.80983420780823E-4"
"cabez"	"6.80983420780823E-4"
"#thomas_hiat"	"6.80983420780823E-4"
"#yem"	"6.80983420780823E-4"
"region"	"6.80983420780823E-4"
"basebal"	"6.80983420780823E-4"
"#shibir"	"6.80983420780823E-4"
"perhap"	"6.80983420780823E-4"
"@asot600ca:"	"6.80983420780823E-4"
"@bbcworld"	"6.80983420780823E-4"
"storm"	"6.80983420780823E-4"
"marian"	"6.80983420780823E-4"
"mentawa"	"6.80983420780823E-4"
"stad"	"6.80983420780823E-4"
"midland"	"6.80983420780823E-4"
"mot"	"6.80983420780823E-4"
"stev"	"6.80983420780823E-4"
"magnitude  m"	"6.80983420780823E-4"
"mujer"	"6.80983420780823E-4"
"lebih"	"6.80983420780823E-4"
"#prayforgaz"	"6.80983420780823E-4"
"london"	"6.80983420780823E-4"
"libr"	"6.80983420780823E-4"
"#propers"	"6.80983420780823E-4"
"#un"	"6.80983420780823E-4"
"loan"	"6.80983420780823E-4"
"strip"	"6.80983420780823E-4"
"springs:"	"6.80983420780823E-4"
"speaker"	"6.80983420780823E-4"
"#shaplachattar"	"6.80983420780823E-4"
"oppres"	"6.80983420780823E-4"
"27"	"6.80983420780823E-4"
"#santamaria:"	"6.80983420780823E-4"
"origin"	"6.80983420780823E-4"
"2012/09/14"	"6.80983420780823E-4"
"pap"	"6.80983420780823E-4"
"parad"	"6.80983420780823E-4"
"parec"	"6.80983420780823E-4"
"27km"	"6.80983420780823E-4"
"#sal"	"6.80983420780823E-4"
"61"	"6.80983420780823E-4"
"#rmg"	"6.80983420780823E-4"
"5-mag"	"6.80983420780823E-4"
"29"	"6.80983420780823E-4"
"sp"	"6.80983420780823E-4"
"nlc"	"6.80983420780823E-4"
"4th"	"6.80983420780823E-4"
"4km"	"6.80983420780823E-4"
"46"	"6.80983420780823E-4"
"[最大震度]"	"6.80983420780823E-4"
"m4"	"6.80983420780823E-4"
"#hik"	"6.80983420780823E-4"
"¿qué"	"6.80983420780823E-4"
"#gocard"	"6.80983420780823E-4"
"#beaut"	"6.80983420780823E-4"
"к"	"6.80983420780823E-4"
"#hap"	"6.80983420780823E-4"
"#flight"	"6.80983420780823E-4"
"福島県沖で地震　最大震度"	"6.80983420780823E-4"
"yg"	"6.80983420780823E-4"
"#kashmir"	"6.80983420780823E-4"
"#atl"	"6.80983420780823E-4"
"#falcón"	"6.80983420780823E-4"
"宮城県沖"	"6.80983420780823E-4"
"wip"	"6.80983420780823E-4"
"震度1"	"6.80983420780823E-4"
"#genoc"	"6.80983420780823E-4"
"#career"	"6.80983420780823E-4"
"#cdnpol"	"6.80983420780823E-4"
"universidad"	"6.80983420780823E-4"
"#bnp"	"6.80983420780823E-4"
"天気:"	"6.80983420780823E-4"
"||"	"6.80983420780823E-4"
"xd"	"6.80983420780823E-4"
"#hefazat"	"6.80983420780823E-4"
"#ff"	"6.80983420780823E-4"
"#aljazeer"	"6.80983420780823E-4"
"unfollow"	"6.80983420780823E-4"
"#clim"	"6.80983420780823E-4"
"forç"	"6.805378247914939E-4"
"@stvnews:"	"6.805378247914939E-4"
"@climavzla:"	"6.805378247914939E-4"
"@neasg"	"6.805378247914939E-4"
"своей"	"6.805378247914939E-4"
"@redcrossau:"	"6.805378247914939E-4"
"avers"	"6.805378247914939E-4"
"kirst"	"6.805378247914939E-4"
"245"	"6.805378247914939E-4"
"m7"	"6.805378247914939E-4"
"macquari"	"6.805378247914939E-4"
"afectad"	"6.805378247914939E-4"
"pánic"	"6.805378247914939E-4"
"peor"	"6.805378247914939E-4"
"610"	"6.805378247914939E-4"
"cancelan"	"6.805378247914939E-4"
"heartbreak"	"6.805378247914939E-4"
"exit"	"6.805378247914939E-4"
"#newbedon"	"6.805378247914939E-4"
"responder"	"6.805378247914939E-4"
"@huffingtonpost:"	"6.805378247914939E-4"
"impactant"	"6.805378247914939E-4"
"uncontain"	"6.805378247914939E-4"
"news]"	"6.805378247914939E-4"
"differ"	"6.805378247914939E-4"
"wal-mart"	"6.805378247914939E-4"
"brev"	"6.805378247914939E-4"
"result"	"6.805378247914939E-4"
"briefing:"	"6.805378247914939E-4"
"@_snape_:"	"6.805378247914939E-4"
"sw"	"6.805378247914939E-4"
"morto"	"6.805378247914939E-4"
"azot"	"6.805378247914939E-4"
"terremoto:"	"6.805378247914939E-4"
"ayer"	"6.805378247914939E-4"
"usgs:"	"6.805378247914939E-4"
"@9news:"	"6.805378247914939E-4"
"off-dut"	"6.805378247914939E-4"
"levantan"	"6.805378247914939E-4"
"fellow"	"6.805378247914939E-4"
"preventiv"	"6.805378247914939E-4"
"acopi"	"6.805378247914939E-4"
"#emil"	"6.805378247914939E-4"
"#b…"	"6.805378247914939E-4"
"spread:"	"6.805378247914939E-4"
"foc"	"6.805378247914939E-4"
"#worldnew"	"6.805378247914939E-4"
"cnn:"	"6.805378247914939E-4"
"debid"	"6.805378247914939E-4"
"4pm"	"6.805378247914939E-4"
"profit"	"6.805378247914939E-4"
"tank"	"6.805378247914939E-4"
"ocurrió"	"6.805378247914939E-4"
"dist"	"6.805378247914939E-4"
"#nsw"	"6.805378247914939E-4"
"activas"	"6.805378247914939E-4"
"021"	"6.805378247914939E-4"
"@cnnmex:"	"6.805378247914939E-4"
"benetton"	"6.805378247914939E-4"
"романтик"	"6.805378247914939E-4"
"kilometer"	"6.805378247914939E-4"
"farrel"	"6.805378247914939E-4"
"terrif"	"6.805378247914939E-4"
"advis"	"6.805378247914939E-4"
"@telesurtv:"	"6.805378247914939E-4"
"visay"	"6.805378247914939E-4"
"unbelief"	"6.805378247914939E-4"
"@globovis"	"6.805378247914939E-4"
"fle"	"6.805378247914939E-4"
"пообещал"	"6.805378247914939E-4"
"cóm"	"6.805378247914939E-4"
"custody:"	"6.805378247914939E-4"
"@coemergency:"	"6.805378247914939E-4"
"local"	"6.805378247914939E-4"
"@702sydne"	"6.805378247914939E-4"
"upses"	"6.805378247914939E-4"
"sigu"	"6.805378247914939E-4"
"stream"	"6.805378247914939E-4"
"190"	"6.805378247914939E-4"
"82"	"6.805378247914939E-4"
"construc"	"6.805378247914939E-4"
"aquí"	"6.805378247914939E-4"
"labour"	"6.805378247914939E-4"
"83km"	"6.805378247914939E-4"
"@joefresh"	"6.805378247914939E-4"
"pacific"	"6.805378247914939E-4"
"police:"	"6.805378247914939E-4"
"950"	"6.805378247914939E-4"
"cayó"	"6.805378247914939E-4"
"@wsj:"	"6.805378247914939E-4"
"winmale"	"6.805378247914939E-4"
"звезду"	"6.805378247914939E-4"
"#crash"	"6.805378247914939E-4"
"231"	"6.805378247914939E-4"
"shooting:"	"6.805378247914939E-4"
"marin"	"6.805378247914939E-4"
"northwestern"	"6.805378247914939E-4"
"comisión"	"6.805378247914939E-4"
"blew"	"6.805378247914939E-4"
"complaint"	"6.805378247914939E-4"
"german"	"6.805378247914939E-4"
"matter"	"6.805378247914939E-4"
"sufrir"	"6.805378247914939E-4"
"champeric"	"6.805378247914939E-4"
"informan"	"6.805378247914939E-4"
"informand"	"6.805378247914939E-4"
"127"	"6.805378247914939E-4"
"какой"	"6.805378247914939E-4"
"garment-factor"	"6.805378247914939E-4"
"8:42am"	"6.805378247914939E-4"
"sangr"	"6.805378247914939E-4"
"pal"	"6.805378247914939E-4"
"@sancheezyrican"	"6.805378247914939E-4"
"челябинский"	"6.805378247914939E-4"
"150"	"6.805378247914939E-4"
"details:"	"6.805378247914939E-4"
"8:42"	"6.805378247914939E-4"
"incluy"	"6.805378247914939E-4"
"treat"	"6.805378247914939E-4"
"chiap"	"6.805378247914939E-4"
"desaparecis"	"6.805378247914939E-4"
"@denverpost:"	"6.805378247914939E-4"
"strike:"	"6.805378247914939E-4"
"@elcomerci"	"6.805378247914939E-4"
"alp"	"6.805378247914939E-4"
"@yahoonews:"	"6.805378247914939E-4"
"victims:"	"6.805378247914939E-4"
"famili"	"6.805378247914939E-4"
"fright"	"6.805378247914939E-4"
"request"	"6.805378247914939E-4"
"alert:"	"6.805378247914939E-4"
"9º"	"6.805378247914939E-4"
"alg"	"6.805378247914939E-4"
"horrif"	"6.805378247914939E-4"
"des"	"6.805378247914939E-4"
"@cbsnews:"	"6.805378247914939E-4"
"метеорит"	"6.805378247914939E-4"
"assault"	"6.805378247914939E-4"
"grad"	"6.805378247914939E-4"
"любимой"	"6.805378247914939E-4"
"manti"	"6.805378247914939E-4"
"23-year-old"	"6.805378247914939E-4"
"pc"	"6.805378247914939E-4"
"explain"	"6.805378247914939E-4"
"суровый"	"6.805378247914939E-4"
